date,act_symbol,period,period_end_date,consensus,recent,count,high,low,year_ago
2017-10-26,A,Current Quarter,2017-10-31,0.63,0.61,9,0.66,0.61,0.59
2017-10-26,AA,Current Quarter,2017-12-31,1.18,,6,1.49,0.84,0.14
2017-10-26,AAAP,Current Quarter,2017-09-30,-0.18,-0.23,3,-0.13,-0.23,-0.18
2017-10-26,AAC,Current Quarter,2017-09-30,0.03,0.03,2,0.03,0.03,0.19
2017-10-26,AAL,Current Quarter,2017-09-30,1.39,1.32,10,1.44,1.32,2.80
2017-10-26,AAN,Current Quarter,2017-09-30,0.54,0.53,8,0.58,0.51,0.50
2017-10-26,AAOI,Current Quarter,2017-09-30,1.01,1.04,7,1.06,0.83,0.38
2017-10-26,AAON,Current Quarter,2017-09-30,0.30,0.30,1,0.30,0.30,0.29
2017-10-26,AAP,Current Quarter,2017-09-30,1.23,1.20,11,1.51,1.14,1.73
2017-10-26,AAPL,Current Quarter,2017-09-30,1.86,999.00,9,1.93,1.80,1.67
2017-10-26,AAT,Current Quarter,2017-09-30,0.53,0.53,3,0.54,0.53,0.19
2017-10-26,AAV,Current Quarter,2017-09-30,0.02,-0.01,2,0.04,-0.01,0.03
2017-10-26,AAWW,Current Quarter,2017-09-30,1.12,1.12,3,1.15,1.10,1.09
2017-10-26,AAXN,Current Quarter,2017-09-30,0.05,0.06,3,0.06,0.05,0.07
2017-10-26,AB,Current Quarter,2017-12-31,0.63,0.52,2,0.66,0.60,0.67
2017-10-26,ABAX,Current Quarter,2017-12-31,0.24,0.29,4,0.28,0.20,0.30
2017-10-26,ABB,Current Quarter,2017-09-30,0.30,,2,0.33,0.27,0.32
2017-10-26,ABBV,Current Quarter,2017-09-30,1.39,1.38,9,1.42,1.37,1.21
2017-10-26,ABC,Current Quarter,2017-09-30,1.32,1.33,8,1.34,1.30,1.30
2017-10-26,ABCB,Current Quarter,2017-12-31,0.63,0.65,3,0.65,0.62,0.62
2017-10-26,ABCO,Current Quarter,2017-09-30,0.48,0.50,11,0.54,0.42,0.28
2017-10-26,ABEO,Current Quarter,2017-09-30,-0.16,-0.11,2,-0.11,-0.20,-0.08
2017-10-26,ABEV,Current Quarter,2017-09-30,0.06,,1,0.06,0.06,0.06
2017-10-26,ABG,Current Quarter,2017-12-31,1.62,1.63,6,1.73,1.55,1.56
2017-10-26,ABM,Current Quarter,2017-10-31,0.46,0.43,2,0.49,0.43,0.51
2017-10-26,ABMD,Current Quarter,2017-09-30,0.37,0.37,8,0.46,0.31,0.20
2017-10-26,ABR,Current Quarter,2017-09-30,0.18,,1,0.18,0.18,0.21
2017-10-27,ABT,Current Quarter,2017-12-31,0.73,0.72,10,0.74,0.72,0.65
2017-10-27,ABTX,Current Quarter,2017-12-31,0.58,0.58,1,0.58,0.58,0.44
2017-10-27,ABUS,Current Quarter,2017-09-30,-0.38,-0.38,3,-0.35,-0.41,-0.31
2017-10-27,ABX,Current Quarter,2017-12-31,0.22,0.17,5,0.24,0.20,0.22
2017-10-27,ABY,Current Quarter,2017-09-30,0.60,,2,0.72,0.48,0.33
2017-10-27,ACAD,Current Quarter,2017-09-30,-0.63,-0.64,6,-0.55,-0.66,-0.61
2017-10-27,ACBI,Current Quarter,2017-09-30,0.19,0.20,3,0.20,0.19,0.16
2017-10-27,ACC,Current Quarter,2017-12-31,0.72,0.71,5,0.73,0.71,0.19
2017-10-27,ACCO,Current Quarter,2017-09-30,0.33,0.33,3,0.33,0.33,0.29
2017-10-27,ACET,Current Quarter,2017-09-30,0.28,0.28,2,0.32,0.23,0.28
2017-10-27,ACFC,Current Quarter,2017-12-31,0.10,0.10,1,0.10,0.10,0.11
2017-10-27,ACGL,Current Quarter,2017-12-31,1.43,-0.55,3,1.48,1.39,1.13
2017-10-27,ACHC,Current Quarter,2017-12-31,0.65,0.66,10,0.70,0.55,0.59
2017-10-27,ACHN,Current Quarter,2017-09-30,-0.18,-0.17,3,-0.17,-0.18,-0.15
2017-10-27,ACIA,Current Quarter,2017-09-30,0.35,0.33,8,0.41,0.31,1.01
2017-10-27,ACIU,Current Quarter,2017-09-30,-0.19,-0.31,2,-0.07,-0.31,
2017-10-27,ACIW,Current Quarter,2017-09-30,-0.06,-0.08,4,-0.02,-0.10,-0.04
2017-10-27,ACLS,Current Quarter,2017-09-30,0.28,0.27,3,0.29,0.27,0.07
2017-10-27,ACM,Current Quarter,2017-09-30,0.71,0.75,5,0.76,0.67,0.65
2017-10-27,ACN,Current Quarter,2017-11-30,1.66,1.67,12,1.76,1.61,1.58
2017-10-27,ACOR,Current Quarter,2017-09-30,0.66,0.70,6,0.80,0.59,-0.04
2017-10-27,ACRE,Current Quarter,2017-09-30,0.28,0.28,3,0.28,0.27,0.31
2017-10-27,ACRS,Current Quarter,2017-09-30,-0.89,-0.95,3,-0.84,-0.95,-0.50
2017-10-27,ACRX,Current Quarter,2017-09-30,-0.26,,5,-0.22,-0.30,-0.25
2017-10-27,ACTA,Current Quarter,2017-09-30,-0.03,-0.02,2,-0.02,-0.03,-0.04
2017-10-27,ACTG,Current Quarter,2017-09-30,-0.05,,1,-0.05,-0.05,0.31
2017-10-27,ACU,Current Quarter,2017-12-31,0.23,0.23,1,0.23,0.23,0.15
2017-10-27,ACXM,Current Quarter,2017-09-30,0.15,0.17,4,0.18,0.11,0.18
2017-10-27,ACY,Current Quarter,2017-09-30,0.56,0.56,1,0.56,0.56,-0.43
2017-10-27,ADAP,Current Quarter,2017-09-30,-0.27,-0.26,4,-0.24,-0.28,-0.24
2017-10-27,ADBE,Current Quarter,2017-11-30,1.15,1.16,13,1.17,1.14,0.90
2017-10-27,ADC,Current Quarter,2017-12-31,0.71,0.70,8,0.71,0.70,0.50
2017-10-27,ADES,Current Quarter,2017-09-30,0.71,,1,0.71,0.71,0.43
2017-10-27,ADHD,Current Quarter,2017-09-30,-0.08,,1,-0.08,-0.08,-0.28
2017-10-27,ADI,Current Quarter,2017-10-31,1.36,1.37,11,1.43,1.31,1.05
2017-10-27,ADM,Current Quarter,2017-09-30,0.58,0.63,6,0.67,0.51,0.59
2017-10-27,ADMP,Current Quarter,2017-09-30,-0.16,-0.16,1,-0.16,-0.16,-0.41
2017-10-27,ADMS,Current Quarter,2017-09-30,-1.03,-0.93,3,-0.93,-1.17,-0.66
2017-10-27,ADNT,Current Quarter,2017-09-30,2.21,2.24,7,2.29,2.15,
2017-10-27,ADP,Current Quarter,2017-09-30,0.85,0.84,10,0.86,0.82,0.86
2017-10-27,ADRO,Current Quarter,2017-09-30,-0.33,-0.41,4,-0.30,-0.41,-0.54
2017-10-27,ADS,Current Quarter,2017-12-31,5.02,5.18,13,5.18,4.98,4.67
2017-10-27,ADSK,Current Quarter,2017-10-31,-0.13,-0.14,12,-0.04,-0.15,-0.18
2017-10-27,ADSW,Current Quarter,2017-09-30,0.17,0.16,5,0.20,0.13,0.06
2017-10-27,ADTN,Current Quarter,2017-12-31,0.15,0.13,3,0.16,0.13,0.16
2017-10-27,ADUS,Current Quarter,2017-09-30,0.42,0.41,2,0.42,0.41,0.39
2017-10-27,ADVM,Current Quarter,2017-09-30,-0.30,-0.31,2,-0.29,-0.31,-0.35
2017-10-27,AEE,Current Quarter,2017-09-30,1.37,1.36,3,1.47,1.28,1.52
2017-10-27,AEG,Current Quarter,2017-09-30,,,,,,0.25
2017-10-27,AEGN,Current Quarter,2017-09-30,0.29,0.21,3,0.38,0.21,0.32
2017-10-27,AEHR,Current Quarter,2017-11-30,0.00,0.00,1,0.00,0.00,-0.08
2017-10-27,AEIS,Current Quarter,2017-09-30,1.17,1.18,8,1.18,1.15,0.77
2017-10-27,AEL,Current Quarter,2017-09-30,0.63,0.62,4,0.63,0.62,-0.05
2017-10-27,AEM,Current Quarter,2017-09-30,0.17,0.20,5,0.22,0.13,0.22
2017-10-27,AEO,Current Quarter,2017-10-31,0.39,0.37,10,0.41,0.37,0.41
2017-10-27,AEP,Current Quarter,2017-09-30,1.15,1.10,7,1.29,1.08,1.30
2017-10-27,AER,Current Quarter,2017-09-30,1.46,999.00,5,1.55,1.30,1.68
2017-10-27,AERI,Current Quarter,2017-09-30,-0.62,-0.63,2,-0.61,-0.63,-0.67
2017-10-27,AES,Current Quarter,2017-09-30,0.29,0.27,3,0.32,0.27,0.32
2017-10-27,AET,Current Quarter,2017-09-30,2.09,2.11,10,2.14,1.87,2.07
2017-10-27,AEZS,Current Quarter,2017-09-30,-0.41,,1,-0.41,-0.41,-0.61
2017-10-27,AFAM,Current Quarter,2017-09-30,0.44,0.42,3,0.45,0.42,0.66
2017-10-27,AFG,Current Quarter,2017-09-30,0.88,0.65,3,1.02,0.65,1.51
2017-10-27,AFH,Current Quarter,2017-09-30,0.42,0.42,1,0.42,0.42,0.52
2017-10-27,AFI,Current Quarter,2017-09-30,0.19,0.21,2,0.21,0.16,0.39
2017-10-27,AFL,Current Quarter,2017-12-31,1.55,1.61,7,1.58,1.49,1.54
2017-10-27,AFMD,Current Quarter,2017-09-30,-0.21,-0.22,5,-0.19,-0.23,-0.35
2017-10-27,AFSI,Current Quarter,2017-09-30,0.10,0.14,3,0.14,0.05,0.73
2017-10-27,AG,Current Quarter,2017-09-30,0.01,0.01,1,0.01,0.01,0.07
2017-10-27,AGCO,Current Quarter,2017-09-30,0.72,0.74,9,0.78,0.65,0.51
2017-10-27,AGEN,Current Quarter,2017-09-30,-0.37,-0.40,2,-0.34,-0.40,-0.47
2017-10-27,AGI,Current Quarter,2017-09-30,0.03,0.01,3,0.04,0.01,0.02
2017-10-27,AGII,Current Quarter,2017-09-30,-2.22,-2.28,2,-2.15,-2.28,1.12
2017-10-27,AGIO,Current Quarter,2017-09-30,-1.74,-1.99,5,-1.50,-1.99,-1.63
2017-10-27,AGLE,Current Quarter,2017-09-30,-0.67,-0.67,1,-0.67,-0.67,-0.47
2017-10-27,AGN,Current Quarter,2017-09-30,4.06,4.03,19,4.26,3.91,3.32
2017-10-27,AGNC,Current Quarter,2017-12-31,0.63,,2,0.66,0.59,0.64
2017-10-27,AGR,Current Quarter,2017-12-31,0.62,0.65,3,0.65,0.58,0.67
2017-10-27,AGRO,Current Quarter,2017-09-30,,,,,,0.05
2017-10-27,AGTC,Current Quarter,2017-09-30,-0.18,-0.16,4,-0.10,-0.28,0.20
2017-10-27,AGU,Current Quarter,2017-09-30,-0.01,,6,0.18,-0.13,-0.12
2017-10-27,AHGP,Current Quarter,2017-09-30,0.91,,1,0.91,0.91,0.81
2017-10-27,AHH,Current Quarter,2017-09-30,0.24,0.23,7,0.25,0.22,0.15
2017-10-27,AHL,Current Quarter,2017-12-31,1.22,,1,1.22,1.22,-0.34
2017-10-27,AHP,Current Quarter,2017-09-30,0.38,0.38,4,0.40,0.36,0.55
2017-10-27,AHT,Current Quarter,2017-09-30,0.33,0.30,4,0.36,0.29,-0.37
2017-10-27,AI,Current Quarter,2017-12-31,0.57,,1,0.57,0.57,0.64
2017-10-27,AIG,Current Quarter,2017-09-30,-0.83,-0.89,8,-0.72,-0.95,1.00
2017-10-27,AIMC,Current Quarter,2017-12-31,0.49,0.49,2,0.49,0.48,0.41
2017-10-27,AIMT,Current Quarter,2017-09-30,-0.72,,3,-0.69,-0.76,-0.53
2017-10-27,AINC,Current Quarter,2017-09-30,1.37,,1,1.37,1.37,-0.49
2017-10-27,AINV,Current Quarter,2017-09-30,0.16,999.00,6,0.17,0.15,0.18
2017-10-27,AIR,Current Quarter,2017-11-30,0.37,0.38,3,0.40,0.34,0.35
2017-10-27,AIRG,Current Quarter,2017-09-30,0.08,0.10,4,0.11,0.02,0.16
2017-10-27,AIRI,Current Quarter,2017-09-30,-0.14,,1,-0.14,-0.14,-0.30
2017-10-27,AIT,Current Quarter,2017-12-31,0.68,0.79,3,0.71,0.62,0.61
2017-10-27,AIV,Current Quarter,2017-09-30,0.62,0.62,8,0.63,0.61,0.07
2017-10-27,AIZ,Current Quarter,2017-09-30,-1.79,-1.76,2,-1.76,-1.81,1.00
2017-10-27,AJG,Current Quarter,2017-09-30,0.78,0.76,9,0.83,0.76,0.77
2017-10-27,AJRD,Current Quarter,2017-09-30,0.17,0.16,3,0.22,0.10,0.32
2017-10-27,AJX,Current Quarter,2017-09-30,0.44,0.47,3,0.47,0.43,0.42
2017-10-27,AKAM,Current Quarter,2017-12-31,0.61,0.56,14,0.78,0.52,0.72
2017-10-27,AKAO,Current Quarter,2017-09-30,-0.72,-0.72,6,-0.62,-0.81,-0.41
2017-10-27,AKBA,Current Quarter,2017-09-30,-0.70,,2,-0.68,-0.71,-0.96
2017-10-27,AKG,Current Quarter,2017-09-30,0.01,0.01,1,0.01,0.01,0.05
2017-10-27,AKO.B,Current Quarter,2017-12-31,0.39,,1,0.39,0.39,0.35
2017-10-27,AKR,Current Quarter,2017-09-30,0.36,0.38,3,0.38,0.34,0.08
2017-10-27,AKRX,Current Quarter,2017-09-30,0.24,0.26,2,0.26,0.21,0.56
2017-10-27,AKS,Current Quarter,2017-09-30,0.03,,7,0.06,-0.04,0.21
2017-10-27,AKTX,Current Quarter,2017-09-30,-1.00,-1.00,1,-1.00,-1.00,0.03
2017-10-27,AL,Current Quarter,2017-09-30,0.86,999.00,4,0.89,0.82,0.86
2017-10-27,ALB,Current Quarter,2017-09-30,1.07,1.08,9,1.13,1.05,0.91
2017-10-27,ALBO,Current Quarter,2017-09-30,-0.85,-0.76,3,-0.76,-1.00,
2017-10-27,ALDR,Current Quarter,2017-09-30,-1.21,-1.52,4,-0.83,-1.98,-0.70
2017-10-27,ALDX,Current Quarter,2017-09-30,-0.38,,2,-0.36,-0.39,-0.38
2017-10-27,ALE,Current Quarter,2017-09-30,0.95,1.02,4,1.02,0.84,0.99
2017-10-27,ALG,Current Quarter,2017-09-30,1.24,1.24,2,1.24,1.24,1.14
2017-10-27,ALGN,Current Quarter,2017-09-30,0.82,0.82,10,0.86,0.80,0.63
2017-10-27,ALGT,Current Quarter,2017-12-31,2.09,1.33,6,2.56,1.79,2.48
2017-10-27,ALIM,Current Quarter,2017-09-30,-0.05,,2,-0.03,-0.06,-0.15
2017-10-27,ALK,Current Quarter,2017-12-31,1.44,2.31,7,1.69,1.20,1.56
2017-10-27,ALKS,Current Quarter,2017-09-30,0.01,-0.01,4,0.05,-0.02,-0.09
2017-10-27,ALL,Current Quarter,2017-09-30,1.09,1.00,4,1.36,0.95,1.26
2017-10-27,ALLE,Current Quarter,2017-09-30,1.02,1.03,4,1.03,1.01,0.93
2017-10-27,ALLT,Current Quarter,2017-09-30,-0.05,999.00,2,-0.04,-0.05,-0.01
2017-10-27,ALLY,Current Quarter,2017-12-31,0.57,0.56,5,0.59,0.54,0.54
2017-10-27,ALNY,Current Quarter,2017-09-30,-1.20,,7,-0.78,-1.47,-1.21
2017-10-27,ALO,Current Quarter,2017-09-30,0.03,0.02,2,0.04,0.02,0.40
2017-10-27,ALOG,Current Quarter,2017-10-31,0.38,0.38,1,0.38,0.38,0.43
2017-10-27,ALPN,Current Quarter,2017-09-30,-0.62,,1,-0.62,-0.62,-1.92
2017-10-27,ALQA,Current Quarter,2017-09-30,0.00,,1,0.00,0.00,-3.00
2017-10-27,ALRM,Current Quarter,2017-09-30,0.19,0.19,9,0.21,0.18,0.19
2017-10-27,ALSN,Current Quarter,2017-09-30,0.51,0.53,9,0.79,0.42,0.27
2017-10-27,ALV,Current Quarter,2017-09-30,1.33,1.35,9,1.40,1.27,1.63
2017-10-27,ALXN,Current Quarter,2017-09-30,1.33,1.46,13,1.46,1.23,1.23
2017-10-27,AM,Current Quarter,2017-09-30,0.41,0.52,7,0.52,0.35,0.37
2017-10-27,AMAG,Current Quarter,2017-09-30,-0.09,,4,0.19,-0.36,1.78
2017-10-27,AMAT,Current Quarter,2017-10-31,0.90,0.92,9,0.92,0.89,0.66
2017-10-27,AMBA,Current Quarter,2017-10-31,0.66,0.66,8,0.69,0.64,1.11
2017-10-27,AMBR,Current Quarter,2017-09-30,-0.09,-0.08,2,-0.08,-0.09,-0.08
2017-10-27,AMC,Current Quarter,2017-09-30,-0.34,-0.38,5,-0.21,-0.47,0.31
2017-10-27,AMCX,Current Quarter,2017-09-30,1.17,1.13,8,1.35,0.90,1.01
2017-10-27,AMD,Current Quarter,2017-12-31,0.04,0.02,10,0.10,0.00,-0.01
2017-10-27,AME,Current Quarter,2017-09-30,0.62,999.00,9,0.62,0.61,0.56
2017-10-27,AMED,Current Quarter,2017-09-30,0.54,0.53,6,0.55,0.52,0.36
2017-10-27,AMG,Current Quarter,2017-09-30,3.36,3.36,5,3.40,3.33,3.02
2017-10-27,AMGN,Current Quarter,2017-12-31,3.06,3.07,8,3.16,2.95,2.89
2017-10-27,AMH,Current Quarter,2017-09-30,0.25,0.24,5,0.26,0.24,-0.09
2017-10-27,AMKR,Current Quarter,2017-09-30,0.19,,1,0.19,0.19,0.25
2017-10-27,AMN,Current Quarter,2017-09-30,0.60,0.58,3,0.61,0.58,0.62
2017-10-27,AMNB,Current Quarter,2017-12-31,0.55,0.55,1,0.55,0.55,0.48
2017-10-27,AMOT,Current Quarter,2017-09-30,0.27,0.31,2,0.31,0.22,0.27
2017-10-27,AMP,Current Quarter,2017-12-31,3.01,2.98,3,3.05,2.98,2.73
2017-10-27,AMPH,Current Quarter,2017-09-30,0.02,-0.04,4,0.08,-0.04,0.14
2017-10-27,AMRB,Current Quarter,2017-12-31,0.21,0.20,2,0.22,0.20,0.29
2017-10-27,AMRC,Current Quarter,2017-09-30,0.15,0.14,2,0.15,0.14,0.16
2017-10-27,AMRK,Current Quarter,2017-09-30,0.23,0.23,1,0.23,0.23,0.27
2017-10-27,AMRN,Current Quarter,2017-09-30,-0.05,-0.05,3,-0.04,-0.05,-0.08
2017-10-27,AMRS,Current Quarter,2017-09-30,-0.77,,2,-0.55,-0.99,-1.05
2017-10-27,AMSC,Current Quarter,2017-09-30,-0.69,-0.69,4,-0.68,-0.71,-0.60
2017-10-27,AMSF,Current Quarter,2017-12-31,0.81,0.79,3,0.93,0.71,1.04
2017-10-27,AMSWA,Current Quarter,2017-10-31,0.07,0.07,1,0.07,0.07,0.01
2017-10-27,AMT,Current Quarter,2017-09-30,1.67,1.68,7,1.70,1.63,0.55
2017-10-27,AMTD,Current Quarter,2017-12-31,0.46,0.42,6,0.52,0.36,0.41
2017-10-27,AMTX,Current Quarter,2017-09-30,-0.24,-0.24,1,-0.24,-0.24,-0.21
2017-10-27,AMWD,Current Quarter,2017-10-31,1.24,1.24,1,1.24,1.24,1.10
2017-10-27,AMX,Current Quarter,2017-09-30,0.33,,2,0.36,0.29,0.03
2017-10-27,AMZN,Current Quarter,2017-09-30,0.01,-0.16,12,0.26,-0.33,0.52
2017-10-27,AN,Current Quarter,2017-09-30,0.85,0.69,16,0.98,0.69,1.11
2017-10-27,ANCX,Current Quarter,2017-12-31,0.41,0.38,1,0.41,0.41,0.28
2017-10-27,ANDE,Current Quarter,2017-09-30,0.16,,1,0.16,0.16,0.06
2017-10-27,ANDV,Current Quarter,2017-09-30,3.05,3.90,9,3.90,2.25,1.43
2017-10-27,ANDX,Current Quarter,2017-09-30,0.67,0.97,6,0.97,0.50,0.46
2017-10-27,ANET,Current Quarter,2017-09-30,1.21,999.00,10,1.33,1.10,0.83
2017-10-27,ANF,Current Quarter,2017-10-31,0.24,0.15,8,0.35,0.15,0.02
2017-10-27,ANGI,Current Quarter,2017-09-30,-0.07,-0.09,4,-0.04,-0.09,-0.28
2017-10-27,ANGO,Current Quarter,2017-11-30,0.17,0.17,3,0.17,0.16,0.19
2017-10-27,ANIK,Current Quarter,2017-12-31,0.54,0.42,2,0.62,0.46,0.54
2017-10-27,ANIP,Current Quarter,2017-09-30,0.99,0.98,2,1.00,0.98,1.09
2017-10-27,ANSS,Current Quarter,2017-09-30,0.97,0.94,7,0.99,0.94,0.95
2017-10-27,ANTH,Current Quarter,2017-09-30,-0.90,-0.95,3,-0.85,-0.95,-4.88
2017-10-27,ANTM,Current Quarter,2017-12-31,1.30,2.24,8,1.46,1.02,1.76
2017-10-27,ANW,Current Quarter,2017-09-30,0.10,0.06,3,0.16,0.06,0.36
2017-10-27,ANY,Current Quarter,2017-09-30,-1.86,-1.86,1,-1.86,-1.86,-3.00
2017-10-27,AOBC,Current Quarter,2017-10-31,0.09,0.08,5,0.11,0.08,0.68
2017-10-27,AON,Current Quarter,2017-09-30,1.27,1.29,9,1.31,1.22,1.29
2017-10-27,AOS,Current Quarter,2017-12-31,0.55,999.00,8,0.57,0.53,0.47
2017-10-27,AOSL,Current Quarter,2017-09-30,0.28,0.28,3,0.29,0.28,0.19
2017-10-27,AP,Current Quarter,2017-09-30,-0.03,-0.03,1,-0.03,-0.03,-1.88
2017-10-27,APA,Current Quarter,2017-09-30,-0.03,0.03,9,0.05,-0.15,-0.03
2017-10-27,APAM,Current Quarter,2017-09-30,0.63,0.63,3,0.63,0.62,0.41
2017-10-27,APC,Current Quarter,2017-09-30,-0.53,-0.70,12,-0.21,-0.70,-0.89
2017-10-27,APD,Current Quarter,2017-09-30,1.69,1.70,8,1.71,1.66,2.01
2017-10-27,APEI,Current Quarter,2017-09-30,0.21,0.22,3,0.22,0.21,0.35
2017-10-27,APEN,Current Quarter,2017-09-30,-0.39,-0.46,2,-0.32,-0.46,
2017-10-27,APH,Current Quarter,2017-12-31,0.78,0.78,4,0.79,0.77,0.75
2017-10-27,APLE,Current Quarter,2017-09-30,0.47,0.49,3,0.49,0.46,0.07
2017-10-27,APLP,Current Quarter,2017-09-30,0.15,0.15,3,0.16,0.14,0.15
2017-10-27,APO,Current Quarter,2017-09-30,0.62,0.67,7,0.72,0.49,0.58
2017-10-27,APOG,Current Quarter,2017-11-30,0.92,0.92,2,0.97,0.87,0.78
2017-10-27,APOP,Current Quarter,2017-09-30,-0.30,,1,-0.30,-0.30,-0.30
2017-10-27,APPF,Current Quarter,2017-09-30,0.07,0.05,3,0.11,0.05,0.00
2017-10-27,APPS,Current Quarter,2017-09-30,-0.02,-0.02,3,-0.02,-0.03,-0.10
2017-10-27,APRI,Current Quarter,2017-09-30,-0.15,,1,-0.15,-0.15,-0.19
2017-10-27,APTI,Current Quarter,2017-09-30,-0.10,-0.09,5,-0.09,-0.11,-0.45
2017-10-27,APTO,Current Quarter,2017-09-30,-0.13,,2,-0.12,-0.13,-0.24
2017-10-27,APTS,Current Quarter,2017-09-30,0.38,0.37,2,0.38,0.37,-0.56
2017-10-27,APU,Current Quarter,2017-09-30,-0.59,-0.45,4,-0.45,-0.66,-0.96
2017-10-27,AQMS,Current Quarter,2017-09-30,-0.26,-0.25,2,-0.25,-0.26,-0.23
2017-10-27,AQN,Current Quarter,2017-09-30,0.10,0.10,3,0.11,0.10,0.07
2017-10-27,AQXP,Current Quarter,2017-09-30,-0.62,-0.62,1,-0.62,-0.62,-0.46
2017-10-27,AR,Current Quarter,2017-09-30,0.05,0.08,12,0.15,-0.07,0.18
2017-10-27,ARA,Current Quarter,2017-09-30,0.16,,3,0.17,0.15,0.28
2017-10-27,ARAY,Current Quarter,2017-12-31,-0.06,-0.05,2,-0.05,-0.06,-0.11
2017-10-27,ARC,Current Quarter,2017-09-30,0.04,0.04,1,0.04,0.04,0.07
2017-10-27,ARCB,Current Quarter,2017-09-30,0.59,0.61,8,0.61,0.55,0.48
2017-10-27,ARCC,Current Quarter,2017-09-30,0.35,0.34,8,0.38,0.33,0.43
2017-10-27,ARCO,Current Quarter,2017-09-30,,,,,,-0.01
2017-10-27,ARCW,Current Quarter,2017-09-30,-0.02,-0.02,1,-0.02,-0.02,0.05
2017-10-27,ARCX,Current Quarter,2017-09-30,0.20,0.19,2,0.21,0.19,0.22
2017-10-27,ARDM,Current Quarter,2017-09-30,,,,,,-0.55
2017-10-27,ARDX,Current Quarter,2017-09-30,-0.52,-0.48,2,-0.48,-0.56,-0.65
2017-10-27,ARE,Current Quarter,2017-09-30,1.50,1.52,3,1.52,1.49,0.07
2017-10-27,ARES,Current Quarter,2017-09-30,0.39,0.40,5,0.40,0.37,0.46
2017-10-27,AREX,Current Quarter,2017-09-30,-0.09,-0.09,4,-0.08,-0.09,-0.23
2017-10-27,ARI,Current Quarter,2017-09-30,0.46,,2,0.46,0.45,0.52
2017-10-27,ARII,Current Quarter,2017-09-30,0.55,,3,0.57,0.51,0.94
2017-10-27,ARLP,Current Quarter,2017-09-30,0.53,0.81,4,0.62,0.43,0.91
2017-10-27,ARMK,Current Quarter,2017-09-30,0.56,0.58,10,0.58,0.55,0.49
2017-10-27,ARNA,Current Quarter,2017-09-30,-0.69,-0.74,3,-0.65,-0.74,-0.50
2017-10-27,ARNC,Current Quarter,2017-12-31,0.25,0.23,4,0.28,0.23,0.12
2017-10-27,AROC,Current Quarter,2017-09-30,0.02,0.01,2,0.02,0.01,
2017-10-27,ARQL,Current Quarter,2017-09-30,-0.12,-0.12,1,-0.12,-0.12,-0.08
2017-10-27,ARR,Current Quarter,2017-09-30,,,,,,0.68
2017-10-27,ARRS,Current Quarter,2017-09-30,0.69,0.70,3,0.70,0.68,0.77
2017-10-27,ARRY,Current Quarter,2017-09-30,-0.22,-0.25,8,-0.14,-0.31,-0.20
2017-10-27,ARTNA,Current Quarter,2017-09-30,,,,,,0.48
2017-10-27,ARTX,Current Quarter,2017-09-30,0.10,0.10,1,0.10,0.10,0.06
2017-10-27,ARW,Current Quarter,2017-09-30,1.82,1.81,5,1.84,1.80,1.56
2017-10-27,ASB,Current Quarter,2017-12-31,0.37,0.38,10,0.40,0.28,0.34
2017-10-27,ASC,Current Quarter,2017-09-30,-0.12,-0.12,7,0.01,-0.19,-0.05
2017-10-27,ASCMA,Current Quarter,2017-09-30,-2.30,-2.31,2,-2.29,-2.31,-1.73
2017-10-27,ASGN,Current Quarter,2017-12-31,0.72,0.75,5,0.78,0.67,0.64
2017-10-27,ASH,Current Quarter,2017-09-30,0.69,0.70,6,0.82,0.45,1.52
2017-10-27,ASIX,Current Quarter,2017-09-30,0.77,,1,0.77,0.77,0.54
2017-10-27,ASM,Current Quarter,2017-09-30,0.05,,2,0.07,0.03,0.02
2017-10-27,ASMB,Current Quarter,2017-09-30,-0.88,-0.88,1,-0.88,-0.88,-0.67
2017-10-27,ASML,Current Quarter,2017-12-31,1.26,1.23,2,1.28,1.23,1.33
2017-10-27,ASNA,Current Quarter,2017-10-31,0.11,0.11,2,0.11,0.11,0.18
2017-10-27,ASND,Current Quarter,2017-09-30,-0.81,-0.79,4,-0.74,-0.88,-0.80
2017-10-27,ASPN,Current Quarter,2017-09-30,-0.16,-0.17,2,-0.14,-0.17,-0.13
2017-10-27,ASPS,Current Quarter,2017-09-30,0.73,,2,0.76,0.69,0.90
2017-10-27,ASPU,Current Quarter,2017-10-31,-0.03,-0.01,2,-0.01,-0.04,0.00
2017-10-27,ASR,Current Quarter,2017-12-31,1.86,,2,1.99,1.73,1.48
2017-10-27,AST,Current Quarter,2017-09-30,-0.16,-0.20,3,-0.13,-0.20,-0.15
2017-10-27,ASTE,Current Quarter,2017-12-31,0.74,0.83,6,0.93,0.44,0.53
2017-10-27,ASUR,Current Quarter,2017-09-30,0.15,,4,0.17,0.12,0.10
2017-10-27,ASX,Current Quarter,2017-09-30,,,,,,0.10
2017-10-27,ASYS,Current Quarter,2017-09-30,0.06,,2,0.08,0.03,-0.02
2017-10-27,AT,Current Quarter,2017-09-30,0.02,0.02,1,0.02,0.02,0.02
2017-10-27,ATAX,Current Quarter,2017-09-30,0.06,0.06,1,0.06,0.06,0.07
2017-10-27,ATEN,Current Quarter,2017-09-30,-0.02,0.00,5,0.01,-0.05,0.00
2017-10-27,ATGE,Current Quarter,2017-09-30,0.48,0.51,4,0.55,0.45,0.45
2017-10-27,ATH,Current Quarter,2017-09-30,1.12,1.13,5,1.15,1.11,
2017-10-27,ATHM,Current Quarter,2017-09-30,,,,,,0.38
2017-10-27,ATHN,Current Quarter,2017-12-31,0.60,0.64,21,0.71,0.50,0.62
2017-10-27,ATHX,Current Quarter,2017-09-30,-0.06,,1,-0.06,-0.06,-0.07
2017-10-27,ATI,Current Quarter,2017-12-31,0.20,0.16,6,0.26,0.13,-0.04
2017-10-27,ATKR,Current Quarter,2017-09-30,0.36,0.34,3,0.38,0.34,0.35
2017-10-27,ATNI,Current Quarter,2017-09-30,0.32,0.32,1,0.32,0.32,0.44
2017-10-27,ATO,Current Quarter,2017-09-30,0.33,0.32,4,0.35,0.32,0.40
2017-10-27,ATR,Current Quarter,2017-09-30,0.80,999.00,6,0.82,0.78,0.82
2017-10-27,ATRA,Current Quarter,2017-09-30,-1.03,-1.03,2,-0.95,-1.10,-0.88
2017-10-27,ATRC,Current Quarter,2017-09-30,-0.24,,4,-0.22,-0.25,-0.21
2017-10-27,ATRO,Current Quarter,2017-09-30,0.35,0.35,1,0.35,0.35,0.41
2017-10-27,ATSG,Current Quarter,2017-09-30,0.21,0.20,4,0.23,0.20,0.14
2017-10-27,ATTO,Current Quarter,2017-09-30,0.23,0.23,2,0.23,0.22,0.20
2017-10-27,ATTU,Current Quarter,2017-09-30,0.02,-0.01,2,0.04,-0.01,-0.10
2017-10-27,ATU,Current Quarter,2017-11-30,0.17,0.18,6,0.19,0.14,0.20
2017-10-27,ATVI,Current Quarter,2017-09-30,0.49,0.59,13,0.59,0.45,0.49
2017-10-27,AUDC,Current Quarter,2017-12-31,0.11,,1,0.11,0.11,0.08
2017-10-27,AUG,Current Quarter,2017-09-30,-0.01,-0.01,1,-0.01,-0.01,0.00
2017-10-27,AUMN,Current Quarter,2017-09-30,,,,,,-0.01
2017-10-27,AUO,Current Quarter,2017-09-30,0.29,,1,0.29,0.29,0.16
2017-10-27,AUPH,Current Quarter,2017-09-30,-0.16,-0.22,3,-0.12,-0.22,-0.19
2017-10-27,AUTO,Current Quarter,2017-09-30,0.18,0.17,2,0.18,0.17,0.49
2017-10-27,AUY,Current Quarter,2017-09-30,0.02,0.02,4,0.02,0.02,0.02
2017-10-27,AVA,Current Quarter,2017-09-30,0.15,0.17,2,0.17,0.12,0.19
2017-10-27,AVAL,Current Quarter,2017-09-30,0.15,,1,0.15,0.15,0.19
2017-10-27,AVAV,Current Quarter,2017-10-31,-0.03,-0.01,5,0.10,-0.16,-0.18
2017-10-27,AVB,Current Quarter,2017-09-30,2.26,2.13,8,2.29,2.13,2.59
2017-10-27,AVD,Current Quarter,2017-09-30,0.17,0.17,3,0.17,0.16,0.10
2017-10-27,AVDL,Current Quarter,2017-09-30,0.01,,2,0.12,-0.10,-0.54
2017-10-27,AVEO,Current Quarter,2017-09-30,-0.05,-0.05,2,-0.05,-0.05,-0.07
2017-10-27,AVGO,Current Quarter,2017-10-31,4.48,4.40,14,4.51,4.40,3.47
2017-10-27,AVGR,Current Quarter,2017-09-30,,999.00,,,,-0.73
2017-10-27,AVH,Current Quarter,2017-09-30,0.33,,2,0.33,0.33,0.38
2017-10-27,AVHI,Current Quarter,2017-09-30,-0.06,-0.06,1,-0.06,-0.06,0.49
2017-10-27,AVID,Current Quarter,2017-09-30,0.03,-0.03,2,0.08,-0.03,0.45
2017-10-27,AVP,Current Quarter,2017-09-30,0.07,0.07,5,0.07,0.06,0.02
2017-10-27,AVT,Current Quarter,2017-09-30,0.71,0.71,5,0.73,0.70,0.91
2017-10-27,AVX,Current Quarter,2017-12-31,0.23,,1,0.23,0.23,0.21
2017-10-27,AVXS,Current Quarter,2017-09-30,-1.38,-0.69,5,-0.69,-1.89,-0.87
2017-10-27,AVY,Current Quarter,2017-12-31,1.22,1.22,3,1.26,1.20,0.99
2017-10-27,AWI,Current Quarter,2017-09-30,0.92,0.90,5,0.93,0.90,0.76
2017-10-27,AWK,Current Quarter,2017-09-30,1.08,1.09,7,1.11,1.03,1.05
2017-10-27,AWR,Current Quarter,2017-09-30,0.58,0.58,2,0.58,0.58,0.59
2017-10-27,AXAS,Current Quarter,2017-09-30,0.05,0.04,3,0.05,0.04,-0.02
2017-10-27,AXDX,Current Quarter,2017-09-30,-0.32,,2,-0.29,-0.34,-0.34
2017-10-27,AXE,Current Quarter,2017-12-31,1.33,1.41,3,1.37,1.30,1.31
2017-10-27,AXGN,Current Quarter,2017-09-30,-0.09,-0.10,2,-0.08,-0.10,-0.08
2017-10-27,AXL,Current Quarter,2017-09-30,0.64,0.70,7,0.70,0.55,0.78
2017-10-27,AXON,Current Quarter,2017-09-30,-0.55,-0.50,6,-0.47,-0.65,-0.39
2017-10-27,AXP,Current Quarter,2017-12-31,1.55,1.55,10,1.56,1.50,0.91
2017-10-27,AXS,Current Quarter,2017-12-31,1.30,-5.32,2,1.32,1.27,1.14
2017-10-27,AXSM,Current Quarter,2017-09-30,,,,,,-0.38
2017-10-27,AXTA,Current Quarter,2017-09-30,0.23,0.24,8,0.26,0.21,0.32
2017-10-27,AXTI,Current Quarter,2017-12-31,0.09,0.09,4,0.10,0.07,0.06
2017-10-27,AYI,Current Quarter,2017-11-30,2.17,2.20,8,2.55,1.97,2.00
2017-10-27,AZN,Current Quarter,2017-09-30,0.57,0.60,5,0.74,0.48,1.32
2017-10-27,AZO,Current Quarter,2017-11-30,9.83,9.85,11,10.05,9.37,9.36
2017-10-27,AZPN,Current Quarter,2017-09-30,0.48,0.49,5,0.51,0.47,0.49
2017-10-27,AZRE,Current Quarter,2017-09-30,-0.76,,1,-0.76,-0.76,-1.94
2017-10-27,AZZ,Current Quarter,2017-11-30,0.62,,1,0.62,0.62,0.70
2017-10-27,B,Current Quarter,2017-09-30,0.69,999.00,4,0.71,0.67,0.71
2017-10-27,BA,Current Quarter,2017-12-31,2.86,2.74,8,2.97,2.76,2.47
2017-10-27,BABA,Current Quarter,2017-09-30,1.04,1.02,8,1.14,0.93,0.79
2017-10-27,BABY,Current Quarter,2017-12-31,0.70,,2,0.71,0.68,0.51
2017-10-27,BAC,Current Quarter,2017-12-31,0.47,0.45,9,0.51,0.44,0.40
2017-10-27,BAH,Current Quarter,2017-09-30,0.46,0.45,6,0.46,0.45,0.46
2017-10-27,BAK,Current Quarter,2017-09-30,0.51,,1,0.51,0.51,1.60
2017-10-27,BANC,Current Quarter,2017-09-30,0.19,0.18,6,0.23,0.15,0.59
2017-10-27,BANF,Current Quarter,2017-12-31,0.68,0.68,3,0.69,0.67,0.58
2017-10-27,BANR,Current Quarter,2017-12-31,0.90,0.77,4,1.03,0.79,0.71
2017-10-27,BANX,Current Quarter,2017-09-30,0.40,0.40,2,0.40,0.40,0.39
2017-10-27,BAP,Current Quarter,2017-09-30,3.52,,3,3.55,3.49,3.57
2017-10-27,BATRK,Current Quarter,2017-09-30,0.07,,1,0.07,0.07,-0.45
2017-10-27,BAX,Current Quarter,2017-12-31,0.59,0.59,7,0.61,0.57,0.57
2017-10-27,BB,Current Quarter,2017-11-30,-0.01,-0.01,4,-0.01,-0.02,0.02
2017-10-27,BBBY,Current Quarter,2017-11-30,0.37,0.36,11,0.39,0.35,0.85
2017-10-27,BBD,Current Quarter,2017-09-30,0.21,,3,0.23,0.20,0.23
2017-10-27,BBG,Current Quarter,2017-09-30,-0.19,-0.14,5,-0.11,-0.26,-0.10
2017-10-27,BBRG,Current Quarter,2017-09-30,-0.16,-0.17,2,-0.15,-0.17,-0.16
2017-10-27,BBT,Current Quarter,2017-12-31,0.80,0.79,13,0.83,0.78,0.73
2017-10-27,BBVA,Current Quarter,2017-09-30,,,,,,0.16
2017-10-27,BBW,Current Quarter,2017-09-30,0.10,0.11,3,0.11,0.09,0.11
2017-10-27,BBY,Current Quarter,2017-10-31,0.79,0.80,11,0.82,0.75,0.62
2017-10-27,BC,Current Quarter,2017-09-30,1.00,0.99,13,1.14,0.95,0.91
2017-10-27,BCBP,Current Quarter,2017-12-31,0.21,0.18,1,0.21,0.21,0.20
2017-10-27,BCC,Current Quarter,2017-09-30,0.61,,2,0.65,0.57,0.41
2017-10-27,BCE,Current Quarter,2017-09-30,0.67,0.67,5,0.68,0.66,0.70
2017-10-27,BCEI,Current Quarter,2017-09-30,0.19,0.19,2,0.19,0.18,-39.33
2017-10-27,BCH,Current Quarter,2017-09-30,1.37,,3,1.44,1.31,1.32
2017-10-27,BCO,Current Quarter,2017-12-31,1.08,0.77,2,1.10,1.05,0.87
2017-10-27,BCOR,Current Quarter,2017-09-30,-0.20,-0.19,2,-0.19,-0.20,-0.24
2017-10-27,BCOV,Current Quarter,2017-09-30,-0.10,-0.11,4,-0.09,-0.11,0.02
2017-10-27,BCR,Current Quarter,2017-12-31,3.14,2.98,9,3.19,3.09,2.77
2017-10-27,BCRH,Current Quarter,2017-09-30,-5.94,-5.94,2,-5.93,-5.94,0.38
2017-10-27,BCRX,Current Quarter,2017-09-30,-0.17,-0.13,6,-0.13,-0.19,-0.16
2017-10-27,BCS,Current Quarter,2017-09-30,0.25,0.25,1,0.25,0.25,0.09
2017-10-27,BDC,Current Quarter,2017-09-30,1.41,1.40,4,1.44,1.40,1.29
2017-10-27,BDGE,Current Quarter,2017-12-31,0.50,0.48,1,0.50,0.50,0.50
2017-10-27,BDN,Current Quarter,2017-12-31,0.34,0.33,6,0.37,0.32,-0.08
2017-10-27,BDSI,Current Quarter,2017-09-30,-0.23,-0.26,5,-0.17,-0.28,-0.30
2017-10-27,BDX,Current Quarter,2017-09-30,2.38,2.37,12,2.40,2.36,2.12
2017-10-27,BEAT,Current Quarter,2017-09-30,0.24,0.28,3,0.28,0.18,0.21
2017-10-27,BECN,Current Quarter,2017-09-30,0.94,0.92,11,0.97,0.86,0.88
2017-10-27,BEL,Current Quarter,2017-09-30,0.16,,2,0.17,0.15,0.23
2017-10-27,BEN,Current Quarter,2017-09-30,0.72,0.73,6,0.73,0.70,0.82
2017-10-27,BEP,Current Quarter,2017-09-30,-0.07,-0.07,1,-0.07,-0.07,-0.12
2017-10-27,BERY,Current Quarter,2017-09-30,0.79,999.00,7,0.84,0.73,0.73
2017-10-27,BETR,Current Quarter,2017-09-30,0.09,999.00,4,0.10,0.07,0.12
2017-10-27,BF.B,Current Quarter,2017-10-31,0.53,0.52,6,0.54,0.52,0.50
2017-10-27,BFAM,Current Quarter,2017-09-30,0.61,0.61,4,0.61,0.60,0.49
2017-10-27,BFIN,Current Quarter,2017-12-31,0.17,0.21,2,0.18,0.16,0.12
2017-10-27,BFR,Current Quarter,2017-09-30,0.40,,1,0.40,0.40,0.35
2017-10-27,BFS,Current Quarter,2017-09-30,0.79,0.80,3,0.80,0.78,0.33
2017-10-27,BG,Current Quarter,2017-09-30,0.98,1.04,4,1.19,0.79,0.73
2017-10-27,BGFV,Current Quarter,2017-09-30,0.28,0.31,3,0.31,0.25,0.41
2017-10-27,BGG,Current Quarter,2017-12-31,0.30,-0.30,3,0.31,0.29,0.35
2017-10-27,BGNE,Current Quarter,2017-09-30,-1.43,-1.49,2,-1.36,-1.49,-1.08
2017-10-27,BGS,Current Quarter,2017-09-30,0.48,,2,0.50,0.46,0.56
2017-10-27,BGSF,Current Quarter,2017-09-30,0.35,0.34,2,0.35,0.34,0.40
2017-10-27,BHGE,Current Quarter,2017-12-31,0.15,0.10,10,0.19,0.06,-0.30
2017-10-27,BHLB,Current Quarter,2017-12-31,0.58,0.56,3,0.61,0.56,0.56
2017-10-27,BID,Current Quarter,2017-09-30,-0.66,,1,-0.66,-0.66,-0.78
2017-10-27,BIDU,Current Quarter,2017-09-30,2.19,2.15,4,2.61,1.97,1.49
2017-10-27,BIG,Current Quarter,2017-10-31,0.04,0.05,9,0.06,0.02,0.04
2017-10-27,BIIB,Current Quarter,2017-12-31,5.62,5.51,25,6.07,4.93,5.04
2017-10-27,BIO,Current Quarter,2017-09-30,0.33,0.22,3,0.51,0.22,0.62
2017-10-27,BIOC,Current Quarter,2017-09-30,-0.19,,1,-0.19,-0.19,-0.57
2017-10-27,BIOS,Current Quarter,2017-09-30,-0.10,-0.09,2,-0.09,-0.10,-0.09
2017-10-27,BIP,Current Quarter,2017-09-30,0.82,0.80,2,0.84,0.80,0.16
2017-10-27,BITA,Current Quarter,2017-09-30,0.33,,1,0.33,0.33,0.16
2017-10-27,BJRI,Current Quarter,2017-09-30,0.24,0.22,10,0.26,0.22,0.30
2017-10-27,BK,Current Quarter,2017-12-31,0.91,0.90,8,0.93,0.88,0.77
2017-10-27,BKCC,Current Quarter,2017-09-30,0.20,999.00,1,0.20,0.20,-0.03
2017-10-27,BKD,Current Quarter,2017-09-30,-0.22,-0.23,3,-0.20,-0.23,0.51
2017-10-27,BKE,Current Quarter,2017-10-31,0.38,,1,0.38,0.38,0.48
2017-10-27,BKEP,Current Quarter,2017-09-30,0.02,0.02,1,0.02,0.02,0.13
2017-10-27,BKH,Current Quarter,2017-09-30,0.56,0.57,3,0.57,0.53,0.48
2017-10-27,BKI,Current Quarter,2017-09-30,0.36,0.37,9,0.37,0.35,0.29
2017-10-27,BKMU,Current Quarter,2017-12-31,0.11,0.11,2,0.11,0.11,0.09
2017-10-27,BKS,Current Quarter,2017-10-31,-0.23,-0.23,1,-0.23,-0.23,-0.29
2017-10-27,BKU,Current Quarter,2017-09-30,0.59,0.60,7,0.62,0.50,0.47
2017-10-27,BL,Current Quarter,2017-09-30,-0.06,-0.06,6,-0.05,-0.07,-0.05
2017-10-27,BLCM,Current Quarter,2017-09-30,-0.72,-0.69,4,-0.63,-0.76,-0.66
2017-10-27,BLD,Current Quarter,2017-09-30,0.83,0.81,2,0.84,0.81,0.63
2017-10-27,BLDP,Current Quarter,2017-09-30,-0.02,-0.02,4,-0.01,-0.02,-0.02
2017-10-27,BLDR,Current Quarter,2017-09-30,0.39,0.36,6,0.42,0.36,0.61
2017-10-27,BLFS,Current Quarter,2017-09-30,-0.07,-0.07,1,-0.07,-0.07,-0.08
2017-10-27,BLIN,Current Quarter,2017-09-30,-0.07,-0.07,1,-0.07,-0.07,-0.10
2017-10-27,BLK,Current Quarter,2017-12-31,5.92,5.74,7,6.10,5.74,5.14
2017-10-27,BLKB,Current Quarter,2017-12-31,0.60,999.00,5,0.62,0.57,0.59
2017-10-27,BLL,Current Quarter,2017-09-30,0.59,999.00,5,0.61,0.57,0.48
2017-10-27,BLMN,Current Quarter,2017-09-30,0.15,0.11,8,0.19,0.09,0.20
2017-10-27,BLPH,Current Quarter,2017-09-30,-0.22,,1,-0.22,-0.22,-0.30
2017-10-27,BLRX,Current Quarter,2017-09-30,-0.05,,2,-0.05,-0.05,-0.08
2017-10-27,BLUE,Current Quarter,2017-09-30,-1.64,-1.75,9,-0.91,-1.89,-2.07
2017-10-27,BLX,Current Quarter,2017-12-31,0.59,,1,0.59,0.59,0.34
2017-10-27,BMA,Current Quarter,2017-09-30,2.33,,3,2.46,2.25,1.83
2017-10-27,BMCH,Current Quarter,2017-09-30,0.34,0.32,4,0.37,0.32,0.32
2017-10-27,BMI,Current Quarter,2017-12-31,0.23,0.23,3,0.25,0.21,0.21
2017-10-27,BMO,Current Quarter,2017-10-31,1.60,1.62,4,1.62,1.59,1.60
2017-10-27,BMRC,Current Quarter,2017-12-31,0.87,0.89,4,0.90,0.79,0.93
2017-10-27,BMRN,Current Quarter,2017-09-30,-0.12,-0.28,13,0.03,-0.29,-0.26
2017-10-27,BMS,Current Quarter,2017-09-30,0.64,0.65,6,0.66,0.60,0.75
2017-10-27,BMTC,Current Quarter,2017-12-31,0.65,0.67,2,0.67,0.63,0.55
2017-10-27,BMY,Current Quarter,2017-09-30,0.77,0.78,11,0.78,0.75,0.77
2017-10-27,BNED,Current Quarter,2017-10-31,1.04,1.00,2,1.08,1.00,0.64
2017-10-27,BNFT,Current Quarter,2017-09-30,-0.13,-0.08,7,-0.08,-0.15,-0.14
2017-10-27,BNS,Current Quarter,2017-10-31,1.33,1.35,4,1.35,1.31,1.21
2017-10-27,BOBE,Current Quarter,2017-10-31,0.35,0.35,2,0.35,0.35,0.56
2017-10-27,BOCH,Current Quarter,2017-12-31,0.19,0.18,2,0.20,0.18,0.17
2017-10-27,BOFI,Current Quarter,2017-12-31,0.52,0.54,7,0.54,0.50,0.50
2017-10-27,BOH,Current Quarter,2017-12-31,1.08,1.04,5,1.12,1.04,1.02
2017-10-27,BOJA,Current Quarter,2017-09-30,0.18,0.18,8,0.19,0.16,0.25
2017-10-27,BOKF,Current Quarter,2017-12-31,1.31,1.33,7,1.37,1.20,0.76
2017-10-27,BOLD,Current Quarter,2017-09-30,-0.86,-0.91,5,-0.80,-0.91,-0.94
2017-10-27,BOOT,Current Quarter,2017-09-30,0.02,0.00,5,0.05,0.00,0.02
2017-10-27,BOX,Current Quarter,2017-10-31,-0.13,,8,-0.08,-0.14,-0.14
2017-10-27,BP,Current Quarter,2017-09-30,0.48,0.48,2,0.48,0.48,0.30
2017-10-27,BPFH,Current Quarter,2017-12-31,0.23,0.23,4,0.24,0.21,0.24
2017-10-27,BPI,Current Quarter,2017-12-31,-0.07,,2,-0.05,-0.09,-0.01
2017-10-27,BPL,Current Quarter,2017-09-30,0.86,0.86,5,0.94,0.78,1.19
2017-10-27,BPMC,Current Quarter,2017-09-30,-0.90,-0.91,5,-0.85,-0.92,-0.62
2017-10-27,BPOP,Current Quarter,2017-09-30,0.80,,2,0.91,0.68,0.91
2017-10-27,BPTH,Current Quarter,2017-09-30,-0.02,,1,-0.02,-0.02,-0.02
2017-10-27,BR,Current Quarter,2017-09-30,0.40,0.38,3,0.43,0.38,0.36
2017-10-27,BRC,Current Quarter,2017-10-31,0.48,0.47,5,0.49,0.47,0.44
2017-10-27,BRCD,Current Quarter,2017-10-31,0.18,0.18,1,0.18,0.18,0.33
2017-10-27,BREW,Current Quarter,2017-09-30,0.07,,1,0.07,0.07,0.03
2017-10-27,BRFS,Current Quarter,2017-09-30,-0.02,,1,-0.02,-0.02,0.01
2017-10-27,BRG,Current Quarter,2017-09-30,0.00,0.03,2,0.03,-0.03,-0.12
2017-10-27,BRK.B,Current Quarter,2017-09-30,1.88,,2,2.05,1.70,1.97
2017-10-27,BRKR,Current Quarter,2017-09-30,0.27,0.25,9,0.31,0.24,0.32
2017-10-27,BRKS,Current Quarter,2017-09-30,0.29,,3,0.30,0.27,0.15
2017-10-27,BRO,Current Quarter,2017-12-31,0.42,0.40,8,0.47,0.40,0.42
2017-10-27,BRS,Current Quarter,2017-09-30,-0.96,,2,-0.93,-0.98,-0.35
2017-10-27,BRSS,Current Quarter,2017-09-30,0.62,0.61,2,0.62,0.61,0.81
2017-10-27,BRT,Current Quarter,2017-09-30,0.14,0.14,1,0.14,0.14,0.21
2017-10-27,BRX,Current Quarter,2017-09-30,0.51,0.51,7,0.52,0.50,0.19
2017-10-27,BSAC,Current Quarter,2017-12-31,0.44,,2,0.46,0.41,0.35
2017-10-27,BSBR,Current Quarter,2017-09-30,0.16,,3,0.20,0.12,0.09
2017-10-27,BSET,Current Quarter,2017-11-30,0.52,,1,0.52,0.52,0.47
2017-10-27,BSFT,Current Quarter,2017-09-30,0.36,999.00,8,0.44,0.28,0.52
2017-10-27,BSM,Current Quarter,2017-09-30,0.16,0.16,1,0.16,0.16,0.14
2017-10-27,BSMX,Current Quarter,2017-12-31,0.20,,2,0.21,0.19,0.17
2017-10-27,BSRR,Current Quarter,2017-12-31,0.40,0.40,1,0.40,0.40,0.40
2017-10-27,BSTC,Current Quarter,2017-09-30,0.36,,1,0.36,0.36,0.42
2017-10-27,BSX,Current Quarter,2017-12-31,0.34,0.31,11,0.35,0.33,0.30
2017-10-27,BT,Current Quarter,2017-09-30,,,,,,0.47
2017-10-27,BTE,Current Quarter,2017-09-30,-0.18,-0.18,1,-0.18,-0.18,-0.15
2017-10-27,BTG,Current Quarter,2017-09-30,0.00,0.00,5,0.01,0.00,0.05
2017-10-27,BTX,Current Quarter,2017-09-30,-0.09,-0.09,1,-0.09,-0.09,-0.08
2017-10-27,BUD,Current Quarter,2017-12-31,1.20,,1,1.20,1.20,0.43
2017-10-27,BUFF,Current Quarter,2017-09-30,0.25,0.23,7,0.27,0.23,0.22
2017-10-27,BURL,Current Quarter,2017-10-31,0.61,0.62,8,0.62,0.59,0.51
2017-10-27,BUSE,Current Quarter,2017-12-31,0.46,0.51,5,0.51,0.41,0.41
2017-10-27,BV,Current Quarter,2017-10-31,0.01,0.01,3,0.01,0.00,0.02
2017-10-27,BVN,Current Quarter,2017-09-30,0.25,,2,0.28,0.22,-0.07
2017-10-27,BVX,Current Quarter,2017-09-30,-0.01,-0.01,2,-0.01,-0.01,-0.01
2017-10-27,BW,Current Quarter,2017-09-30,-0.24,-0.24,1,-0.24,-0.24,0.24
2017-10-27,BWA,Current Quarter,2017-12-31,0.97,0.90,9,1.10,0.92,0.85
2017-10-27,BWEN,Current Quarter,2017-09-30,-0.16,,2,-0.15,-0.16,0.08
2017-10-27,BWLD,Current Quarter,2017-12-31,1.49,1.47,9,1.62,1.30,0.87
2017-10-27,BWP,Current Quarter,2017-09-30,0.26,0.26,5,0.27,0.24,0.19
2017-10-27,BWXT,Current Quarter,2017-09-30,0.47,0.46,3,0.51,0.45,0.39
2017-10-27,BX,Current Quarter,2017-12-31,0.67,0.67,7,0.78,0.56,0.68
2017-10-27,BXE,Current Quarter,2017-09-30,-0.20,-0.17,2,-0.17,-0.22,-0.25
2017-10-27,BXMT,Current Quarter,2017-12-31,0.64,,3,0.64,0.63,0.62
2017-10-27,BXP,Current Quarter,2017-09-30,1.54,1.54,11,1.55,1.52,0.50
2017-10-27,BXS,Current Quarter,2017-12-31,0.41,0.41,5,0.41,0.40,0.40
2017-10-27,BYD,Current Quarter,2017-12-31,0.26,0.20,6,0.29,0.24,0.38
2017-10-27,BYSI,Current Quarter,2017-09-30,-0.69,,1,-0.69,-0.69,
2017-10-27,BZH,Current Quarter,2017-09-30,0.53,0.52,2,0.54,0.52,0.33
2017-10-27,BZUN,Current Quarter,2017-09-30,,,,,,0.08
2017-10-27,C,Current Quarter,2017-12-31,1.27,1.24,8,1.34,1.19,1.14
2017-10-27,CA,Current Quarter,2017-12-31,0.61,999.00,5,0.63,0.60,0.63
2017-10-27,CAA,Current Quarter,2017-09-30,0.79,0.79,8,0.93,0.71,0.97
2017-10-27,CAAS,Current Quarter,2017-09-30,0.17,,1,0.17,0.17,0.18
2017-10-27,CABO,Current Quarter,2017-09-30,4.91,4.92,4,5.31,4.53,3.63
2017-10-27,CACC,Current Quarter,2017-09-30,5.00,5.10,5,5.19,4.87,4.53
2017-10-27,CACI,Current Quarter,2017-09-30,1.52,1.51,8,1.59,1.41,1.47
2017-10-27,CAE,Current Quarter,2017-09-30,0.19,0.18,3,0.21,0.18,0.16
2017-10-27,CAFD,Current Quarter,2017-11-30,0.08,499.57,7,0.18,-0.03,
2017-10-27,CAG,Current Quarter,2017-11-30,0.52,0.52,6,0.52,0.51,0.49
2017-10-27,CAH,Current Quarter,2017-09-30,1.01,1.01,8,1.06,0.96,1.24
2017-10-27,CAI,Current Quarter,2017-12-31,0.93,1.15,4,1.15,0.84,-0.09
2017-10-27,CAJ,Current Quarter,2017-12-31,0.56,0.56,1,0.56,0.56,0.26
2017-10-27,CAKE,Current Quarter,2017-09-30,0.60,0.61,11,0.64,0.57,0.70
2017-10-27,CAL,Current Quarter,2017-10-31,0.86,0.85,5,0.87,0.85,0.81
2017-10-27,CALA,Current Quarter,2017-09-30,-0.25,-0.17,3,-0.17,-0.30,-0.44
2017-10-27,CALD,Current Quarter,2017-09-30,0.08,0.07,8,0.08,0.07,0.08
2017-10-27,CALM,Current Quarter,2017-11-30,,,,,,-0.48
2017-10-27,CALX,Current Quarter,2017-09-30,-0.24,-0.24,5,-0.22,-0.25,0.12
2017-10-27,CAMP,Current Quarter,2017-11-30,0.30,0.30,6,0.30,0.29,0.21
2017-10-27,CAMT,Current Quarter,2017-09-30,0.08,,1,0.08,0.08,0.04
2017-10-27,CAPL,Current Quarter,2017-09-30,0.07,0.11,4,0.11,-0.01,0.06
2017-10-27,CAPR,Current Quarter,2017-09-30,-0.19,,1,-0.19,-0.19,-0.29
2017-10-27,CAR,Current Quarter,2017-09-30,2.95,,4,3.03,2.71,2.47
2017-10-27,CARA,Current Quarter,2017-09-30,-0.31,-0.30,3,-0.30,-0.32,-0.42
2017-10-27,CARB,Current Quarter,2017-09-30,0.21,0.21,5,0.24,0.20,0.14
2017-10-27,CARO,Current Quarter,2017-12-31,0.54,0.54,1,0.54,0.54,0.46
2017-10-27,CASC,Current Quarter,2017-09-30,-0.29,-0.32,2,-0.25,-0.32,-0.54
2017-10-27,CASH,Current Quarter,2017-09-30,-0.30,-0.35,2,-0.25,-0.35,1.03
2017-10-27,CASY,Current Quarter,2017-10-31,1.35,1.40,6,1.42,1.24,1.44
2017-10-27,CAT,Current Quarter,2017-12-31,1.62,1.30,8,1.80,1.16,0.83
2017-10-27,CATB,Current Quarter,2017-09-30,-0.34,,4,-0.31,-0.37,-0.54
2017-10-27,CATM,Current Quarter,2017-09-30,0.87,0.88,8,0.96,0.81,0.98
2017-10-27,CATS,Current Quarter,2017-09-30,-0.16,-0.16,1,-0.16,-0.16,-0.78
2017-10-27,CATY,Current Quarter,2017-12-31,0.62,0.59,4,0.65,0.59,0.60
2017-10-27,CAVM,Current Quarter,2017-09-30,0.74,0.75,10,0.75,0.73,0.43
2017-10-27,CB,Current Quarter,2017-12-31,2.58,-0.46,7,2.78,2.37,2.72
2017-10-27,CBAY,Current Quarter,2017-09-30,-0.19,-0.18,5,-0.17,-0.21,-0.25
2017-10-27,CBB,Current Quarter,2017-09-30,-0.02,0.01,4,0.04,-0.09,0.05
2017-10-27,CBD,Current Quarter,2017-09-30,0.12,,1,0.12,0.12,-0.04
2017-10-27,CBF,Current Quarter,2017-12-31,0.48,0.48,1,0.48,0.48,0.44
2017-10-27,CBFV,Current Quarter,2017-09-30,0.41,0.41,1,0.41,0.41,0.38
2017-10-27,CBG,Current Quarter,2017-09-30,0.54,0.54,4,0.55,0.51,0.50
2017-10-27,CBI,Current Quarter,2017-09-30,0.53,0.47,7,0.62,0.47,1.20
2017-10-27,CBIO,Current Quarter,2017-09-30,,,,,,-6.00
2017-10-27,CBK,Current Quarter,2017-10-31,,,,,,0.09
2017-10-27,CBL,Current Quarter,2017-09-30,0.54,0.54,9,0.55,0.53,-0.05
2017-10-27,CBM,Current Quarter,2017-09-30,0.47,0.48,2,0.48,0.45,0.47
2017-10-27,CBOE,Current Quarter,2017-09-30,0.88,0.88,6,0.89,0.87,0.58
2017-10-27,CBPO,Current Quarter,2017-09-30,1.30,,1,1.30,1.30,1.22
2017-10-27,CBPX,Current Quarter,2017-09-30,0.28,0.27,2,0.29,0.27,0.25
2017-10-27,CBRL,Current Quarter,2017-10-31,1.94,1.92,2,1.95,1.92,2.01
2017-10-27,CBS,Current Quarter,2017-09-30,1.10,1.14,10,1.17,1.06,1.05
2017-10-27,CBSH,Current Quarter,2017-12-31,0.75,0.77,8,0.78,0.73,0.68
2017-10-27,CBT,Current Quarter,2017-09-30,0.93,0.94,6,0.94,0.88,1.00
2017-10-27,CBU,Current Quarter,2017-12-31,0.69,0.69,4,0.70,0.67,0.61
2017-10-27,CBZ,Current Quarter,2017-09-30,0.23,0.23,1,0.23,0.23,0.20
2017-10-27,CC,Current Quarter,2017-09-30,1.01,0.97,2,1.05,0.97,0.61
2017-10-27,CCBG,Current Quarter,2017-12-31,0.23,0.23,1,0.23,0.23,0.20
2017-10-27,CCC,Current Quarter,2017-09-30,0.16,0.16,3,0.17,0.16,0.13
2017-10-27,CCE,Current Quarter,2017-09-30,0.80,0.79,4,0.81,0.79,0.74
2017-10-27,CCI,Current Quarter,2017-12-31,1.07,1.06,7,1.08,1.06,0.35
2017-10-27,CCJ,Current Quarter,2017-09-30,0.10,,1,0.10,0.10,0.23
2017-10-27,CCK,Current Quarter,2017-12-31,0.79,0.77,6,0.80,0.77,0.71
2017-10-27,CCL,Current Quarter,2017-11-30,0.51,0.49,8,0.53,0.49,0.67
2017-10-27,CCLP,Current Quarter,2017-09-30,-0.26,-0.30,4,-0.20,-0.30,-0.47
2017-10-27,CCMP,Current Quarter,2017-12-31,0.91,0.88,1,0.91,0.91,0.92
2017-10-27,CCNE,Current Quarter,2017-12-31,0.43,,1,0.43,0.43,0.35
2017-10-27,CCO,Current Quarter,2017-09-30,-0.06,-0.06,2,-0.06,-0.06,-0.09
2017-10-27,CCOI,Current Quarter,2017-09-30,0.14,0.19,10,0.19,0.09,0.08
2017-10-27,CCRN,Current Quarter,2017-09-30,0.17,0.16,2,0.18,0.16,0.24
2017-10-27,CCS,Current Quarter,2017-09-30,0.40,0.22,4,0.51,0.22,0.63
2017-10-27,CCXI,Current Quarter,2017-09-30,-0.28,,2,-0.24,-0.32,-0.15
2017-10-27,CDE,Current Quarter,2017-12-31,0.06,,2,0.06,0.05,-0.03
2017-10-27,CDK,Current Quarter,2017-09-30,0.66,0.65,5,0.68,0.64,0.60
2017-10-27,CDNA,Current Quarter,2017-09-30,-0.17,,2,-0.15,-0.19,-0.15
2017-10-27,CDNS,Current Quarter,2017-12-31,0.39,0.35,4,0.40,0.38,0.34
2017-10-27,CDOR,Current Quarter,2017-09-30,0.24,0.26,4,0.26,0.22,2.41
2017-10-27,CDR,Current Quarter,2017-09-30,0.13,0.13,5,0.14,0.13,-0.05
2017-10-27,CDTI,Current Quarter,2017-09-30,-0.06,,2,-0.05,-0.07,-0.31
2017-10-27,CDTX,Current Quarter,2017-09-30,-0.97,-0.81,4,-0.81,-1.02,-0.88
2017-10-27,CDW,Current Quarter,2017-09-30,1.07,1.06,7,1.09,1.03,0.97
2017-10-27,CDXC,Current Quarter,2017-09-30,-0.03,,1,-0.03,-0.03,-0.03
2017-10-27,CDXS,Current Quarter,2017-09-30,-0.16,-0.13,4,-0.13,-0.18,0.03
2017-10-27,CE,Current Quarter,2017-12-31,1.84,1.81,9,1.97,1.80,1.52
2017-10-27,CEA,Current Quarter,2017-09-30,,,,,,1.80
2017-10-27,CECE,Current Quarter,2017-09-30,0.16,999.00,2,0.16,0.15,0.24
2017-10-27,CELG,Current Quarter,2017-12-31,1.95,1.80,11,2.05,1.89,1.61
2017-10-27,CELH,Current Quarter,2017-09-30,,,,,,
2017-10-27,CELP,Current Quarter,2017-09-30,0.11,0.07,3,0.16,0.07,0.27
2017-10-27,CEMP,Current Quarter,2017-09-30,-0.16,999.00,6,-0.11,-0.21,-0.62
2017-10-27,CENT,Current Quarter,2017-09-30,0.10,0.10,3,0.12,0.07,0.13
2017-10-27,CENX,Current Quarter,2017-12-31,0.40,,2,0.40,0.39,-0.12
2017-10-27,CEQP,Current Quarter,2017-09-30,-0.04,-0.06,3,0.13,-0.19,-0.14
2017-10-27,CERN,Current Quarter,2017-12-31,0.68,0.62,13,0.71,0.65,0.61
2017-10-27,CERS,Current Quarter,2017-09-30,-0.16,-0.16,1,-0.16,-0.16,-0.14
2017-10-27,CETX,Current Quarter,2017-09-30,0.07,0.10,2,0.10,0.03,0.23
2017-10-27,CEVA,Current Quarter,2017-09-30,0.28,0.28,3,0.28,0.27,0.24
2017-10-27,CF,Current Quarter,2017-09-30,-0.55,,6,-0.47,-0.64,0.13
2017-10-27,CFFN,Current Quarter,2017-09-30,0.16,0.16,2,0.16,0.16,0.16
2017-10-27,CFG,Current Quarter,2017-12-31,0.67,0.68,9,0.68,0.67,0.55
2017-10-27,CFMS,Current Quarter,2017-09-30,-0.31,-0.33,5,-0.26,-0.34,-0.31
2017-10-27,CFR,Current Quarter,2017-12-31,1.36,1.34,7,1.41,1.32,1.28
2017-10-27,CFX,Current Quarter,2017-09-30,0.40,0.41,7,0.43,0.35,0.39
2017-10-27,CG,Current Quarter,2017-09-30,0.48,0.45,6,0.57,0.45,0.21
2017-10-27,CGEN,Current Quarter,2017-09-30,-0.19,-0.19,1,-0.19,-0.19,-0.15
2017-10-27,CGG,Current Quarter,2017-09-30,,,,,,-3.95
2017-10-27,CGIX,Current Quarter,2017-09-30,-0.13,-0.13,2,-0.13,-0.13,-0.23
2017-10-27,CGNX,Current Quarter,2017-09-30,1.05,1.04,5,1.08,1.03,0.61
2017-10-27,CHCO,Current Quarter,2017-12-31,0.96,0.96,2,0.97,0.95,0.97
2017-10-27,CHCT,Current Quarter,2017-09-30,0.40,0.40,1,0.40,0.40,0.08
2017-10-27,CHD,Current Quarter,2017-09-30,0.47,0.46,11,0.47,0.46,0.47
2017-10-27,CHDN,Current Quarter,2017-09-30,0.91,0.90,3,0.96,0.86,0.52
2017-10-27,CHE,Current Quarter,2017-12-31,2.24,2.02,2,2.24,2.23,2.10
2017-10-27,CHEF,Current Quarter,2017-09-30,0.10,0.10,2,0.10,0.10,0.07
2017-10-27,CHEK,Current Quarter,2017-09-30,-0.16,,1,-0.16,-0.16,-0.11
2017-10-27,CHFC,Current Quarter,2017-12-31,0.82,0.80,5,0.84,0.79,0.70
2017-10-27,CHFS,Current Quarter,2017-09-30,,,,,,-162.16
2017-10-27,CHGG,Current Quarter,2017-09-30,0.00,0.00,7,0.01,-0.02,-0.03
2017-10-27,CHH,Current Quarter,2017-09-30,0.92,0.92,6,0.95,0.91,0.84
2017-10-27,CHK,Current Quarter,2017-09-30,0.11,0.12,9,0.16,0.00,0.09
2017-10-27,CHKE,Current Quarter,2017-10-31,0.08,0.09,2,0.09,0.07,0.08
2017-10-27,CHKP,Current Quarter,2017-09-30,1.24,1.24,16,1.26,1.22,1.13
2017-10-27,CHMI,Current Quarter,2017-09-30,0.53,0.52,2,0.53,0.52,0.54
2017-10-27,CHRS,Current Quarter,2017-09-30,-1.05,-1.05,1,-1.05,-1.05,1.67
2017-10-27,CHRW,Current Quarter,2017-09-30,0.82,0.81,12,0.85,0.79,0.90
2017-10-27,CHS,Current Quarter,2017-10-31,0.13,0.12,7,0.15,0.11,0.20
2017-10-27,CHSP,Current Quarter,2017-09-30,0.64,0.63,7,0.67,0.63,0.40
2017-10-27,CHTR,Current Quarter,2017-12-31,1.43,1.79,13,2.17,0.87,0.33
2017-10-27,CHUBA,Current Quarter,2017-09-30,0.08,0.08,5,0.08,0.08,0.04
2017-10-27,CHUY,Current Quarter,2017-09-30,0.23,0.23,6,0.24,0.20,0.29
2017-10-27,CI,Current Quarter,2017-09-30,2.35,2.37,10,2.46,2.25,1.94
2017-10-27,CIB,Current Quarter,2017-09-30,0.98,,3,1.05,0.92,0.88
2017-10-27,CIE,Current Quarter,2017-09-30,-1.64,-2.27,2,-1.01,-2.27,-2.70
2017-10-27,CIEN,Current Quarter,2017-10-31,0.50,0.55,12,0.55,0.44,0.44
2017-10-27,CIGI,Current Quarter,2017-09-30,0.47,0.47,1,0.47,0.47,0.40
2017-10-27,CIM,Current Quarter,2017-09-30,0.57,,1,0.57,0.57,0.68
2017-10-27,CINF,Current Quarter,2017-12-31,0.87,0.53,2,0.88,0.85,0.75
2017-10-27,CINR,Current Quarter,2017-09-30,0.49,0.54,2,0.54,0.43,0.55
2017-10-27,CIO,Current Quarter,2017-09-30,0.22,0.21,2,0.22,0.21,-0.08
2017-10-27,CIR,Current Quarter,2017-09-30,0.40,0.43,3,0.43,0.37,0.46
2017-10-27,CIT,Current Quarter,2017-12-31,0.82,0.84,2,0.84,0.80,0.59
2017-10-27,CIVB,Current Quarter,2017-09-30,0.30,0.29,2,0.30,0.29,0.34
2017-10-27,CIVI,Current Quarter,2017-09-30,0.22,0.21,3,0.24,0.21,0.30
2017-10-27,CKH,Current Quarter,2017-09-30,0.40,,1,0.40,0.40,-2.35
2017-10-27,CL,Current Quarter,2017-09-30,0.73,0.73,9,0.75,0.72,0.73
2017-10-27,CLAR,Current Quarter,2017-09-30,0.09,,2,0.09,0.09,0.06
2017-10-27,CLB,Current Quarter,2017-12-31,0.59,,3,0.61,0.58,0.41
2017-10-27,CLBS,Current Quarter,2017-09-30,-0.85,,1,-0.85,-0.85,-1.09
2017-10-27,CLD,Current Quarter,2017-12-31,-0.02,0.06,5,0.03,-0.12,0.39
2017-10-27,CLDT,Current Quarter,2017-09-30,0.67,0.67,4,0.68,0.65,0.34
2017-10-27,CLDX,Current Quarter,2017-09-30,-0.24,-0.23,3,-0.23,-0.26,-0.29
2017-10-27,CLF,Current Quarter,2017-12-31,0.27,0.20,4,0.51,0.14,0.41
2017-10-27,CLFD,Current Quarter,2017-09-30,0.06,,1,0.06,0.06,0.20
2017-10-27,CLGX,Current Quarter,2017-12-31,0.52,0.52,7,0.56,0.45,0.56
2017-10-27,CLH,Current Quarter,2017-09-30,0.39,0.41,4,0.41,0.37,0.16
2017-10-27,CLI,Current Quarter,2017-09-30,0.58,0.58,5,0.60,0.56,-0.10
2017-10-27,CLLS,Current Quarter,2017-09-30,-0.57,-0.60,2,-0.54,-0.60,-0.02
2017-10-27,CLMT,Current Quarter,2017-09-30,0.16,0.29,4,0.29,-0.16,-0.42
2017-10-27,CLNE,Current Quarter,2017-09-30,-0.12,-0.12,2,-0.12,-0.12,-0.08
2017-10-27,CLPR,Current Quarter,2017-12-31,0.10,0.10,1,0.10,0.10,-0.09
2017-10-27,CLR,Current Quarter,2017-09-30,0.04,0.05,14,0.15,-0.12,-0.22
2017-10-27,CLRB,Current Quarter,2017-09-30,,,,,,-0.43
2017-10-27,CLS,Current Quarter,2017-09-30,0.31,0.31,3,0.31,0.31,0.43
2017-10-27,CLSD,Current Quarter,2017-09-30,-0.54,-0.56,4,-0.41,-0.59,-0.28
2017-10-27,CLSN,Current Quarter,2017-09-30,-0.56,-0.56,1,-0.56,-0.56,-3.22
2017-10-27,CLUB,Current Quarter,2017-09-30,-0.06,-0.06,1,-0.06,-0.06,-0.16
2017-10-27,CLVS,Current Quarter,2017-09-30,-1.16,-1.11,6,-1.10,-1.24,-1.70
2017-10-27,CLW,Current Quarter,2017-12-31,0.80,0.82,2,0.82,0.77,0.82
2017-10-27,CLX,Current Quarter,2017-09-30,1.41,1.39,7,1.44,1.38,1.36
2017-10-27,CM,Current Quarter,2017-10-31,2.10,2.15,4,2.15,2.05,1.98
2017-10-27,CMA,Current Quarter,2017-12-31,1.21,1.30,12,1.30,1.16,0.92
2017-10-27,CMC,Current Quarter,2017-11-30,0.32,0.17,3,0.43,0.14,0.10
2017-10-27,CMCO,Current Quarter,2017-09-30,0.45,,2,0.46,0.44,0.36
2017-10-27,CMCSA,Current Quarter,2017-12-31,0.49,0.51,15,0.53,0.47,0.45
2017-10-27,CMD,Current Quarter,2017-10-31,0.52,0.52,1,0.52,0.52,0.51
2017-10-27,CME,Current Quarter,2017-12-31,1.20,1.16,5,1.29,1.16,1.14
2017-10-27,CMFN,Current Quarter,2017-09-30,0.25,0.25,2,0.25,0.25,0.29
2017-10-27,CMG,Current Quarter,2017-12-31,1.40,1.34,14,1.91,1.24,0.55
2017-10-27,CMI,Current Quarter,2017-09-30,2.47,2.52,10,2.59,2.41,2.02
2017-10-27,CMLS,Current Quarter,2017-09-30,-0.27,,1,-0.27,-0.27,-0.51
2017-10-27,CMP,Current Quarter,2017-09-30,0.75,0.79,3,0.79,0.67,0.27
2017-10-27,CMPR,Current Quarter,2017-09-30,-0.33,-0.14,2,-0.14,-0.52,-0.92
2017-10-27,CMRE,Current Quarter,2017-12-31,0.16,0.19,5,0.19,0.12,0.28
2017-10-27,CMRX,Current Quarter,2017-09-30,-0.43,-0.43,5,-0.39,-0.48,-0.37
2017-10-27,CMS,Current Quarter,2017-12-31,0.56,0.54,3,0.58,0.53,0.29
2017-10-27,CMTL,Current Quarter,2017-10-31,-0.28,,2,-0.27,-0.29,-0.11
2017-10-27,CNA,Current Quarter,2017-09-30,0.27,,1,0.27,0.27,1.15
2017-10-27,CNAT,Current Quarter,2017-09-30,-0.05,-0.17,3,0.09,-0.17,-0.31
2017-10-27,CNC,Current Quarter,2017-12-31,0.94,0.92,10,1.07,0.82,1.19
2017-10-27,CNCE,Current Quarter,2017-09-30,-0.54,,2,-0.49,-0.58,-0.51
2017-10-27,CNDT,Current Quarter,2017-09-30,0.21,0.21,4,0.22,0.19,
2017-10-27,CNFR,Current Quarter,2017-09-30,-2.40,-2.45,2,-2.35,-2.45,-0.20
2017-10-27,CNHI,Current Quarter,2017-09-30,0.08,0.06,6,0.09,0.07,0.05
2017-10-27,CNI,Current Quarter,2017-12-31,1.02,1.02,8,1.04,1.00,0.93
2017-10-27,CNK,Current Quarter,2017-09-30,0.36,0.39,6,0.39,0.30,0.56
2017-10-27,CNMD,Current Quarter,2017-09-30,0.40,0.40,4,0.43,0.39,0.41
2017-10-27,CNNX,Current Quarter,2017-09-30,0.43,0.41,4,0.46,0.41,0.40
2017-10-27,CNO,Current Quarter,2017-12-31,0.42,,3,0.44,0.41,0.35
2017-10-27,CNOB,Current Quarter,2017-12-31,0.37,,2,0.37,0.36,0.40
2017-10-27,CNP,Current Quarter,2017-09-30,0.41,0.42,5,0.42,0.37,0.41
2017-10-27,CNQ,Current Quarter,2017-09-30,0.16,0.11,4,0.18,0.11,-0.24
2017-10-27,CNS,Current Quarter,2017-12-31,0.55,0.55,2,0.55,0.54,0.48
2017-10-27,CNSL,Current Quarter,2017-09-30,0.12,0.12,3,0.15,0.10,0.16
2017-10-27,CNTY,Current Quarter,2017-09-30,0.11,0.09,2,0.12,0.09,0.08
2017-10-27,CNX,Current Quarter,2017-09-30,0.00,-0.03,3,0.02,-0.03,-0.15
2017-10-27,CNXC,Current Quarter,2017-09-30,0.42,0.13,4,0.67,0.13,0.21
2017-10-27,CNXN,Current Quarter,2017-12-31,0.61,0.57,2,0.62,0.59,0.53
2017-10-27,COBZ,Current Quarter,2017-12-31,0.27,0.26,3,0.27,0.26,0.21
2017-10-27,CODI,Current Quarter,2017-09-30,0.48,0.45,4,0.53,0.45,0.72
2017-10-27,COF,Current Quarter,2017-12-31,1.82,1.85,11,1.95,1.62,1.45
2017-10-27,COG,Current Quarter,2017-09-30,0.08,0.06,11,0.12,0.05,-0.04
2017-10-27,COGT,Current Quarter,2017-09-30,-0.16,-0.18,2,-0.14,-0.18,-0.11
2017-10-27,COH,Current Quarter,2017-09-30,0.36,0.35,13,0.38,0.35,0.45
2017-10-27,COHR,Current Quarter,2017-09-30,3.42,3.42,2,3.42,3.42,1.65
2017-10-27,COHU,Current Quarter,2017-09-30,0.39,0.37,3,0.41,0.37,0.14
2017-10-27,COL,Current Quarter,2017-09-30,1.80,1.76,10,1.92,1.74,1.58
2017-10-27,COLB,Current Quarter,2017-12-31,0.56,0.52,3,0.58,0.52,0.53
2017-10-27,COLL,Current Quarter,2017-09-30,-0.74,-0.81,5,-0.67,-0.81,-1.13
2017-10-27,COLM,Current Quarter,2017-12-31,1.28,1.16,9,1.34,1.21,1.20
2017-10-27,COMM,Current Quarter,2017-09-30,0.54,999.00,6,0.56,0.52,0.81
2017-10-27,CONE,Current Quarter,2017-09-30,0.76,0.75,11,0.88,0.71,0.05
2017-10-27,CONN,Current Quarter,2017-10-31,0.01,-0.04,3,0.09,-0.04,-0.08
2017-10-27,COO,Current Quarter,2017-10-31,2.65,2.62,11,2.70,2.62,2.28
2017-10-27,COP,Current Quarter,2017-12-31,0.30,0.11,6,0.70,0.03,-0.26
2017-10-27,COR,Current Quarter,2017-12-31,1.13,1.09,7,1.16,1.10,0.44
2017-10-27,CORE,Current Quarter,2017-09-30,0.43,0.43,2,0.43,0.42,0.34
2017-10-27,CORI,Current Quarter,2017-09-30,-0.46,-0.49,2,-0.43,-0.49,-0.42
2017-10-27,CORR,Current Quarter,2017-09-30,1.07,1.03,2,1.11,1.03,0.68
2017-10-27,CORT,Current Quarter,2017-09-30,0.13,999.00,2,0.13,0.12,0.02
2017-10-27,COST,Current Quarter,2017-11-30,1.32,1.40,12,1.40,1.24,1.17
2017-10-27,COT,Current Quarter,2017-09-30,0.14,,2,0.14,0.14,0.09
2017-10-27,COTV,Current Quarter,2017-09-30,0.38,0.37,10,0.39,0.37,0.36
2017-10-27,COTY,Current Quarter,2017-09-30,0.07,0.07,9,0.10,0.04,0.23
2017-10-27,COUP,Current Quarter,2017-10-31,-0.11,-0.11,5,-0.11,-0.12,-0.22
2017-10-27,CP,Current Quarter,2017-12-31,2.61,2.60,10,2.78,2.46,2.28
2017-10-27,CPA,Current Quarter,2017-09-30,2.14,2.22,6,2.28,2.06,1.30
2017-10-27,CPAC,Current Quarter,2017-09-30,0.09,,1,0.09,0.09,0.12
2017-10-27,CPAH,Current Quarter,2017-10-31,-0.13,-0.13,1,-0.13,-0.13,-0.07
2017-10-27,CPB,Current Quarter,2017-10-31,0.97,0.98,7,0.98,0.94,1.00
2017-10-27,CPE,Current Quarter,2017-09-30,0.10,0.08,12,0.15,0.08,0.09
2017-10-27,CPF,Current Quarter,2017-12-31,0.42,0.42,2,0.42,0.42,0.39
2017-10-27,CPG,Current Quarter,2017-12-31,0.04,-0.01,2,0.06,0.02,0.13
2017-10-27,CPK,Current Quarter,2017-09-30,0.34,0.34,3,0.38,0.30,0.29
2017-10-27,CPLA,Current Quarter,2017-09-30,0.68,0.69,3,0.69,0.67,0.81
2017-10-27,CPLP,Current Quarter,2017-09-30,0.05,0.05,4,0.06,0.04,0.07
2017-10-27,CPN,Current Quarter,2017-09-30,0.62,0.94,3,0.82,0.36,0.52
2017-10-27,CPRT,Current Quarter,2017-10-31,0.25,0.27,5,0.28,0.22,0.29
2017-10-27,CPRX,Current Quarter,2017-09-30,-0.06,-0.06,4,-0.05,-0.06,-0.05
2017-10-27,CPS,Current Quarter,2017-09-30,2.38,2.42,6,2.65,2.10,2.48
2017-10-27,CPSI,Current Quarter,2017-09-30,0.47,0.48,10,0.50,0.44,0.34
2017-10-27,CPSS,Current Quarter,2017-12-31,0.16,0.16,2,0.16,0.16,0.26
2017-10-27,CPST,Current Quarter,2017-09-30,-0.09,-0.09,4,-0.07,-0.10,-0.19
2017-10-27,CPT,Current Quarter,2017-12-31,1.16,1.12,9,1.21,1.13,0.45
2017-10-27,CPTA,Current Quarter,2017-09-30,0.27,0.29,3,0.30,0.23,0.47
2017-10-27,CQH,Current Quarter,2017-09-30,0.44,,2,0.44,0.43,0.02
2017-10-27,CQP,Current Quarter,2017-09-30,0.33,0.37,2,0.37,0.28,0.18
2017-10-27,CR,Current Quarter,2017-12-31,1.17,1.20,5,1.20,1.13,1.02
2017-10-27,CRAI,Current Quarter,2017-12-31,0.32,0.40,1,0.32,0.32,0.24
2017-10-27,CRAY,Current Quarter,2017-09-30,-0.49,-0.51,2,-0.47,-0.51,-0.49
2017-10-27,CRBP,Current Quarter,2017-09-30,-0.17,,1,-0.17,-0.17,-0.12
2017-10-27,CRC,Current Quarter,2017-09-30,-1.61,-1.72,4,-1.36,-1.76,-1.75
2017-10-27,CRCM,Current Quarter,2017-09-30,0.08,0.06,5,0.09,0.06,0.02
2017-10-27,CRD.B,Current Quarter,2017-09-30,0.22,0.22,3,0.23,0.20,0.20
2017-10-27,CREE,Current Quarter,2017-12-31,0.02,0.00,8,0.02,0.00,0.20
2017-10-27,CRHM,Current Quarter,2017-09-30,0.04,0.02,3,0.07,0.00,0.04
2017-10-27,CRI,Current Quarter,2017-12-31,2.21,1.66,4,2.27,2.15,1.79
2017-10-27,CRIS,Current Quarter,2017-09-30,-0.09,-0.09,3,-0.07,-0.11,-0.12
2017-10-27,CRK,Current Quarter,2017-09-30,-1.48,-1.66,4,-0.99,-1.73,-3.27
2017-10-27,CRL,Current Quarter,2017-09-30,1.22,1.24,11,1.24,1.21,1.18
2017-10-27,CRM,Current Quarter,2017-10-31,0.37,0.36,18,0.38,0.36,0.24
2017-10-27,CRMD,Current Quarter,2017-09-30,-0.13,,2,-0.13,-0.13,-0.23
2017-10-27,CRME,Current Quarter,2017-09-30,-0.16,-0.18,4,-0.12,-0.19,-0.19
2017-10-27,CRMT,Current Quarter,2017-10-31,0.82,0.75,2,0.89,0.75,0.62
2017-10-27,CRNT,Current Quarter,2017-09-30,0.05,999.00,1,0.05,0.05,0.06
2017-10-27,CROX,Current Quarter,2017-09-30,-0.04,-0.05,4,-0.04,-0.05,-0.03
2017-10-27,CRR,Current Quarter,2017-12-31,-0.67,,2,-0.61,-0.73,-0.26
2017-10-27,CRS,Current Quarter,2017-12-31,0.51,0.43,4,0.54,0.48,0.15
2017-10-27,CRSP,Current Quarter,2017-09-30,-0.60,-0.68,2,-0.51,-0.68,-2.77
2017-10-27,CRTO,Current Quarter,2017-09-30,0.58,0.59,10,0.62,0.55,0.48
2017-10-27,CRUS,Current Quarter,2017-09-30,1.19,1.20,7,1.21,1.14,1.35
2017-10-27,CRVS,Current Quarter,2017-09-30,-0.85,-0.85,1,-0.85,-0.85,-0.51
2017-10-27,CRWS,Current Quarter,2017-09-30,0.11,0.11,2,0.11,0.10,0.10
2017-10-27,CRY,Current Quarter,2017-09-30,0.06,0.05,2,0.07,0.05,0.13
2017-10-27,CRZO,Current Quarter,2017-09-30,0.24,0.25,11,0.27,0.19,0.23
2017-10-27,CS,Current Quarter,2017-09-30,,,,,,0.02
2017-10-27,CSCO,Current Quarter,2017-10-31,0.60,999.00,11,0.61,0.59,0.61
2017-10-27,CSFL,Current Quarter,2017-09-30,0.35,0.34,2,0.35,0.34,0.32
2017-10-27,CSGP,Current Quarter,2017-12-31,1.34,1.15,5,1.45,1.30,1.29
2017-10-27,CSGS,Current Quarter,2017-09-30,0.64,0.63,2,0.64,0.63,0.75
2017-10-27,CSII,Current Quarter,2017-12-31,-0.01,0.00,2,0.00,-0.01,0.03
2017-10-27,CSIQ,Current Quarter,2017-09-30,0.26,0.18,4,0.39,0.18,0.29
2017-10-27,CSL,Current Quarter,2017-12-31,1.08,1.02,6,1.21,0.96,1.32
2017-10-27,CSLT,Current Quarter,2017-12-31,-0.05,-0.05,5,-0.05,-0.06,-0.01
2017-10-27,CSOD,Current Quarter,2017-09-30,0.10,0.10,8,0.12,0.09,0.11
2017-10-27,CSRA,Current Quarter,2017-09-30,0.47,0.48,5,0.51,0.45,0.56
2017-10-27,CSTE,Current Quarter,2017-09-30,0.58,,1,0.58,0.58,0.70
2017-10-27,CSTM,Current Quarter,2017-12-31,0.09,,6,0.12,0.07,-0.21
2017-10-27,CSTR,Current Quarter,2017-12-31,0.28,0.28,1,0.28,0.28,0.23
2017-10-27,CSU,Current Quarter,2017-09-30,-0.30,,1,-0.30,-0.30,-0.24
2017-10-27,CSV,Current Quarter,2017-12-31,0.46,,1,0.46,0.46,0.36
2017-10-27,CSWC,Current Quarter,2017-09-30,0.25,0.25,2,0.25,0.24,0.11
2017-10-27,CSWI,Current Quarter,2017-09-30,0.55,0.55,1,0.55,0.55,0.48
2017-10-27,CSX,Current Quarter,2017-12-31,0.56,0.59,10,0.60,0.52,0.49
2017-10-27,CTAS,Current Quarter,2017-11-30,1.25,1.24,8,1.35,1.17,1.15
2017-10-27,CTB,Current Quarter,2017-09-30,0.85,0.90,6,0.90,0.76,1.04
2017-10-27,CTBI,Current Quarter,2017-12-31,0.73,,1,0.73,0.73,0.67
2017-10-27,CTG,Current Quarter,2017-12-31,0.07,0.08,2,0.08,0.06,0.07
2017-10-27,CTIC,Current Quarter,2017-09-30,-0.32,-0.32,1,-0.32,-0.32,-0.80
2017-10-27,CTL,Current Quarter,2017-09-30,0.45,999.00,9,0.48,0.44,0.56
2017-10-27,CTLT,Current Quarter,2017-09-30,0.18,0.15,9,0.21,0.15,0.16
2017-10-27,CTMX,Current Quarter,2017-09-30,-0.11,-0.36,5,0.07,-0.36,-0.40
2017-10-27,CTO,Current Quarter,2017-12-31,0.52,0.52,1,0.52,0.52,0.90
2017-10-27,CTRE,Current Quarter,2017-09-30,0.29,0.29,5,0.30,0.28,0.13
2017-10-27,CTRL,Current Quarter,2017-09-30,0.26,0.26,4,0.27,0.25,0.26
2017-10-27,CTRP,Current Quarter,2017-09-30,0.24,0.23,4,0.25,0.23,0.01
2017-10-27,CTSH,Current Quarter,2017-09-30,0.95,0.95,13,0.96,0.94,0.86
2017-10-27,CTT,Current Quarter,2017-09-30,-0.12,-0.11,3,-0.11,-0.13,-0.07
2017-10-27,CTWS,Current Quarter,2017-09-30,0.88,,1,0.88,0.88,0.84
2017-10-27,CTXS,Current Quarter,2017-12-31,1.59,1.57,9,1.62,1.57,1.61
2017-10-27,CUB,Current Quarter,2017-09-30,0.14,,2,0.15,0.13,-0.29
2017-10-27,CUBI,Current Quarter,2017-12-31,0.69,,1,0.69,0.69,0.76
2017-10-27,CUDA,Current Quarter,2017-11-30,0.18,0.19,12,0.19,0.18,0.22
2017-10-27,CUI,Current Quarter,2017-09-30,-0.08,-0.09,3,-0.04,-0.10,-0.02
2017-10-27,CULP,Current Quarter,2017-10-31,0.33,0.31,2,0.35,0.31,0.47
2017-10-27,CUTR,Current Quarter,2017-09-30,,,,,,0.12
2017-10-27,CUZ,Current Quarter,2017-12-31,0.15,0.15,5,0.15,0.14,0.11
2017-10-27,CVBF,Current Quarter,2017-12-31,0.27,0.27,5,0.28,0.27,0.25
2017-10-27,CVCY,Current Quarter,2017-12-31,0.17,0.17,2,0.24,0.09,0.21
2017-10-27,CVE,Current Quarter,2017-09-30,0.08,0.08,4,0.13,0.04,-0.22
2017-10-27,CVG,Current Quarter,2017-09-30,0.44,0.44,4,0.45,0.43,0.46
2017-10-27,CVGI,Current Quarter,2017-09-30,0.05,,1,0.05,0.05,0.07
2017-10-27,CVGW,Current Quarter,2017-10-31,0.41,,1,0.41,0.41,0.53
2017-10-27,CVLT,Current Quarter,2017-12-31,0.34,999.00,5,0.36,0.31,0.28
2017-10-27,CVM,Current Quarter,2017-09-30,,,,,,-0.25
2017-10-27,CVRR,Current Quarter,2017-09-30,0.59,,1,0.59,0.59,0.11
2017-10-27,CVRS,Current Quarter,2017-09-30,-0.05,,1,-0.05,-0.05,-0.07
2017-10-27,CVS,Current Quarter,2017-09-30,1.49,1.48,20,1.51,1.47,1.64
2017-10-27,CVTI,Current Quarter,2017-12-31,0.48,0.50,3,0.59,0.35,0.33
2017-10-27,CVU,Current Quarter,2017-09-30,0.17,0.18,2,0.18,0.15,0.19
2017-10-27,CVX,Current Quarter,2017-09-30,0.99,1.00,9,1.14,0.84,0.68
2017-10-27,CW,Current Quarter,2017-12-31,1.47,999.00,5,1.53,1.42,1.58
2017-10-27,CWCO,Current Quarter,2017-09-30,0.14,0.16,2,0.16,0.12,0.12
2017-10-27,CWST,Current Quarter,2017-09-30,0.23,0.24,3,0.27,0.18,0.18
2017-10-27,CWT,Current Quarter,2017-12-31,0.26,0.71,4,0.30,0.21,0.31
2017-10-27,CX,Current Quarter,2017-09-30,,,,,,0.20
2017-10-27,CXO,Current Quarter,2017-09-30,0.26,0.29,16,0.43,0.18,0.32
2017-10-27,CXP,Current Quarter,2017-12-31,0.30,0.27,2,0.30,0.30,0.22
2017-10-27,CXRX,Current Quarter,2017-09-30,0.14,,1,0.14,0.14,0.69
2017-10-27,CXW,Current Quarter,2017-09-30,0.54,0.54,2,0.54,0.53,0.47
2017-10-27,CY,Current Quarter,2017-12-31,0.24,0.23,6,0.28,0.21,0.15
2017-10-27,CYBE,Current Quarter,2017-12-31,,,,,,0.11
2017-10-27,CYBR,Current Quarter,2017-09-30,0.18,0.19,13,0.19,0.18,0.33
2017-10-27,CYCC,Current Quarter,2017-09-30,,,,,,-0.86
2017-10-27,CYH,Current Quarter,2017-09-30,-0.27,-0.25,10,-0.13,-0.48,-0.35
2017-10-27,CYOU,Current Quarter,2017-09-30,,,,,,0.85
2017-10-27,CYRN,Current Quarter,2017-09-30,-0.06,-0.06,1,-0.06,-0.06,-0.02
2017-10-27,CYTK,Current Quarter,2017-12-31,-0.73,-0.73,3,-0.58,-0.84,0.16
2017-10-27,CYTR,Current Quarter,2017-09-30,,,,,,-0.13
2017-10-27,CYTX,Current Quarter,2017-09-30,-0.09,-0.09,1,-0.09,-0.09,-0.26
2017-10-27,CZR,Current Quarter,2017-09-30,6.11,0.24,1,6.11,6.11,-26.80
2017-10-27,CZZ,Current Quarter,2017-09-30,,,,,,0.16
2017-10-27,D,Current Quarter,2017-09-30,1.03,1.03,6,1.05,0.98,1.14
2017-10-27,DAC,Current Quarter,2017-09-30,0.24,,1,0.24,0.24,0.21
2017-10-27,DAKT,Current Quarter,2017-10-31,0.14,0.14,1,0.14,0.14,0.20
2017-10-27,DAL,Current Quarter,2017-12-31,1.04,1.07,9,1.13,0.98,0.82
2017-10-27,DAN,Current Quarter,2017-12-31,0.48,0.58,5,0.58,0.40,0.59
2017-10-27,DAR,Current Quarter,2017-09-30,0.06,0.07,3,0.07,0.05,0.17
2017-10-27,DATA,Current Quarter,2017-09-30,0.09,0.12,15,0.12,0.07,0.16
2017-10-27,DAVE,Current Quarter,2017-09-30,-0.05,-0.05,1,-0.05,-0.05,0.01
2017-10-27,DB,Current Quarter,2017-09-30,,,,,,0.20
2017-10-27,DBD,Current Quarter,2017-09-30,0.10,0.15,4,0.15,0.03,0.34
2017-10-27,DCI,Current Quarter,2017-10-31,0.42,0.43,6,0.45,0.40,0.38
2017-10-27,DCM,Current Quarter,2017-12-31,,,,,,0.45
2017-10-27,DCO,Current Quarter,2017-09-30,0.38,,2,0.46,0.29,0.44
2017-10-27,DCP,Current Quarter,2017-09-30,0.15,0.28,7,0.34,-0.04,0.51
2017-10-27,DCT,Current Quarter,2017-09-30,0.61,0.61,8,0.62,0.60,0.17
2017-10-27,DDC,Current Quarter,2017-10-31,,,,,,0.12
2017-10-27,DDD,Current Quarter,2017-09-30,0.11,999.00,7,0.13,0.09,0.14
2017-10-27,DDR,Current Quarter,2017-09-30,0.27,0.28,11,0.28,0.25,-0.18
2017-10-27,DE,Current Quarter,2017-10-31,1.41,1.40,9,1.56,1.32,0.90
2017-10-27,DEA,Current Quarter,2017-09-30,0.32,0.31,3,0.32,0.31,0.02
2017-10-27,DECK,Current Quarter,2017-12-31,4.11,1.03,7,4.26,3.87,4.11
2017-10-27,DEI,Current Quarter,2017-09-30,0.48,0.48,9,0.49,0.47,0.21
2017-10-27,DENN,Current Quarter,2017-09-30,0.14,0.14,1,0.14,0.14,0.13
2017-10-27,DERM,Current Quarter,2017-09-30,-1.12,-1.20,2,-1.03,-1.20,-0.72
2017-10-27,DF,Current Quarter,2017-09-30,0.21,0.24,5,0.27,0.16,0.37
2017-10-27,DFBG,Current Quarter,2017-09-30,-0.09,-0.08,2,-0.08,-0.09,-0.12
2017-10-27,DFIN,Current Quarter,2017-09-30,0.19,,3,0.21,0.17,
2017-10-27,DFRG,Current Quarter,2017-12-31,0.41,0.41,4,0.42,0.41,0.37
2017-10-27,DFS,Current Quarter,2017-12-31,1.53,1.46,9,1.59,1.46,1.40
2017-10-27,DG,Current Quarter,2017-10-31,0.93,0.91,10,0.95,0.91,0.89
2017-10-27,DGII,Current Quarter,2017-12-31,0.10,0.08,1,0.10,0.10,0.08
2017-10-27,DGLY,Current Quarter,2017-09-30,-0.26,,1,-0.26,-0.26,-0.50
2017-10-27,DGX,Current Quarter,2017-12-31,1.40,1.38,12,1.55,1.34,1.31
2017-10-27,DHI,Current Quarter,2017-09-30,0.82,0.79,20,0.88,0.77,0.75
2017-10-27,DHR,Current Quarter,2017-12-31,1.15,1.14,10,1.16,1.14,1.05
2017-10-27,DHT,Current Quarter,2017-09-30,-0.09,-0.14,6,-0.04,-0.14,0.01
2017-10-27,DHX,Current Quarter,2017-09-30,0.05,0.05,1,0.05,0.05,0.10
2017-10-27,DIN,Current Quarter,2017-09-30,0.88,,2,0.92,0.83,1.46
2017-10-27,DIOD,Current Quarter,2017-09-30,0.44,,1,0.44,0.44,0.30
2017-10-27,DIS,Current Quarter,2017-09-30,1.16,1.11,8,1.35,1.09,1.10
2017-10-27,DISCA,Current Quarter,2017-09-30,0.55,0.54,9,0.57,0.53,0.36
2017-10-27,DISCK,Current Quarter,2017-09-30,0.53,,2,0.54,0.51,0.36
2017-10-27,DISH,Current Quarter,2017-09-30,0.60,0.60,12,0.68,0.45,0.64
2017-10-27,DK,Current Quarter,2017-09-30,0.68,0.66,7,0.75,0.60,-0.18
2017-10-27,DKL,Current Quarter,2017-09-30,0.53,0.43,2,0.63,0.43,0.41
2017-10-27,DKS,Current Quarter,2017-10-31,0.26,0.27,13,0.28,0.22,0.48
2017-10-27,DLA,Current Quarter,2017-09-30,0.30,,1,0.30,0.30,0.40
2017-10-27,DLB,Current Quarter,2017-12-31,0.51,0.55,5,0.56,0.43,0.51
2017-10-27,DLHC,Current Quarter,2017-09-30,0.09,,1,0.09,0.09,0.20
2017-10-27,DLNG,Current Quarter,2017-09-30,0.17,0.25,4,0.25,0.11,0.49
2017-10-27,DLPH,Current Quarter,2017-09-30,1.56,1.58,12,1.59,1.53,1.50
2017-10-27,DLR,Current Quarter,2017-12-31,1.50,1.48,6,1.55,1.40,0.49
2017-10-27,DLTH,Current Quarter,2017-10-31,0.01,0.03,6,0.03,-0.02,0.01
2017-10-27,DLTR,Current Quarter,2017-10-31,0.89,0.91,10,0.94,0.84,0.81
2017-10-27,DM,Current Quarter,2017-09-30,0.32,,4,0.41,0.21,0.30
2017-10-27,DMRC,Current Quarter,2017-12-31,-0.71,-0.67,3,-0.66,-0.74,-0.57
2017-10-27,DMTX,Current Quarter,2017-09-30,-0.49,,1,-0.49,-0.49,-0.58
2017-10-27,DNB,Current Quarter,2017-09-30,1.58,1.58,6,1.62,1.55,1.79
2017-10-27,DNBF,Current Quarter,2017-12-31,0.53,,1,0.53,0.53,0.48
2017-10-27,DNKN,Current Quarter,2017-12-31,0.61,0.62,8,0.65,0.59,0.64
2017-10-27,DNN,Current Quarter,2017-09-30,-0.01,,1,-0.01,-0.01,0.00
2017-10-27,DNOW,Current Quarter,2017-09-30,-0.04,-0.04,8,0.00,-0.07,-0.34
2017-10-27,DNR,Current Quarter,2017-09-30,-0.01,0.02,4,0.02,-0.02,0.00
2017-10-27,DO,Current Quarter,2017-09-30,0.19,0.10,13,0.34,0.10,0.10
2017-10-27,DOC,Current Quarter,2017-09-30,0.27,0.27,10,0.28,0.26,0.07
2017-10-27,DOOR,Current Quarter,2017-09-30,0.92,0.97,6,0.99,0.84,0.89
2017-10-27,DORM,Current Quarter,2017-09-30,0.87,0.87,3,0.90,0.85,0.77
2017-10-27,DOV,Current Quarter,2017-12-31,1.04,1.03,10,1.06,1.02,0.71
2017-10-27,DOX,Current Quarter,2017-09-30,0.94,0.95,6,0.96,0.93,0.89
2017-10-27,DPLO,Current Quarter,2017-09-30,0.15,0.17,8,0.18,0.14,0.21
2017-10-27,DPS,Current Quarter,2017-12-31,1.17,1.17,6,1.20,1.12,1.04
2017-10-27,DPZ,Current Quarter,2017-12-31,1.98,1.99,7,2.05,1.92,1.48
2017-10-27,DQ,Current Quarter,2017-09-30,1.45,,1,1.45,1.45,1.24
2017-10-27,DRAD,Current Quarter,2017-09-30,0.03,0.03,1,0.03,0.03,0.05
2017-10-27,DRE,Current Quarter,2017-12-31,0.30,0.28,6,0.31,0.28,0.13
2017-10-27,DRH,Current Quarter,2017-09-30,0.25,0.26,10,0.27,0.24,0.15
2017-10-27,DRI,Current Quarter,2017-11-30,0.69,0.66,12,0.75,0.65,0.64
2017-10-27,DRNA,Current Quarter,2017-09-30,-0.75,999.00,4,-0.71,-0.81,-0.68
2017-10-27,DRQ,Current Quarter,2017-09-30,-0.02,-0.08,6,0.05,-0.08,0.39
2017-10-27,DS,Current Quarter,2017-09-30,-0.06,-0.06,1,-0.06,-0.06,0.35
2017-10-27,DSGX,Current Quarter,2017-10-31,0.10,0.09,4,0.11,0.08,0.08
2017-10-27,DSPG,Current Quarter,2017-09-30,0.09,0.09,2,0.09,0.09,0.19
2017-10-27,DST,Current Quarter,2017-12-31,0.85,0.85,4,0.87,0.82,0.83
2017-10-27,DSW,Current Quarter,2017-10-31,0.53,0.45,8,0.56,0.45,0.51
2017-10-27,DSX,Current Quarter,2017-09-30,-0.21,-0.23,7,-0.15,-0.27,-0.99
2017-10-27,DTE,Current Quarter,2017-12-31,1.21,1.21,3,1.22,1.21,0.81
2017-10-27,DTEA,Current Quarter,2017-10-31,-0.15,999.00,1,-0.15,-0.15,-0.07
2017-10-27,DUK,Current Quarter,2017-09-30,1.55,1.53,7,1.63,1.43,1.68
2017-10-27,DVA,Current Quarter,2017-09-30,0.94,0.93,7,0.97,0.90,0.95
2017-10-27,DVAX,Current Quarter,2017-09-30,-0.52,-0.32,3,-0.32,-0.84,-0.90
2017-10-27,DVN,Current Quarter,2017-09-30,0.39,0.49,11,0.49,0.33,0.09
2017-10-27,DWCH,Current Quarter,2017-09-30,0.02,0.02,1,0.02,0.02,-0.06
2017-10-27,DWDP,Current Quarter,2017-09-30,0.39,0.41,5,0.41,0.36,0.91
2017-10-27,DWSN,Current Quarter,2017-09-30,-0.34,,1,-0.34,-0.34,-0.57
2017-10-27,DX,Current Quarter,2017-09-30,,,,,,0.20
2017-10-27,DXC,Current Quarter,2017-09-30,1.53,1.52,10,1.61,1.43,0.61
2017-10-27,DXCM,Current Quarter,2017-09-30,-0.15,-0.18,12,-0.09,-0.21,-0.22
2017-10-27,DXLG,Current Quarter,2017-10-31,-0.09,-0.09,1,-0.09,-0.09,-0.05
2017-10-27,DXPE,Current Quarter,2017-09-30,0.21,0.21,2,0.23,0.19,0.02
2017-10-27,DXTR,Current Quarter,2017-09-30,-0.06,-0.07,2,-0.05,-0.07,-0.44
2017-10-27,DXYN,Current Quarter,2017-09-30,0.08,0.08,1,0.08,0.08,0.04
2017-10-27,DY,Current Quarter,2017-10-31,0.91,0.95,7,1.01,0.84,1.67
2017-10-27,DYN,Current Quarter,2017-09-30,0.60,1.50,3,0.94,0.20,0.01
2017-10-27,DYNT,Current Quarter,2017-09-30,,,,,,-0.13
2017-10-27,DZSI,Current Quarter,2017-09-30,0.03,0.03,1,0.03,0.03,-0.10
2017-10-27,E,Current Quarter,2017-09-30,0.22,0.22,1,0.22,0.22,-0.31
2017-10-27,EA,Current Quarter,2017-09-30,0.54,0.54,13,0.60,0.49,0.56
2017-10-27,EARN,Current Quarter,2017-09-30,0.45,,1,0.45,0.45,0.48
2017-10-27,EARS,Current Quarter,2017-09-30,-0.20,,1,-0.20,-0.20,-0.23
2017-10-27,EAT,Current Quarter,2017-09-30,0.44,0.40,6,0.46,0.40,0.49
2017-10-27,EBAY,Current Quarter,2017-12-31,0.59,0.59,14,0.60,0.58,0.54
2017-10-27,EBIO,Current Quarter,2017-09-30,,,,,,0.91
2017-10-27,EBIX,Current Quarter,2017-09-30,0.74,0.76,2,0.76,0.71,0.74
2017-10-27,EBMT,Current Quarter,2017-12-31,0.34,0.31,2,0.36,0.31,0.37
